voterID,voteTime,pollID,"Biden, Joe (Democratic)","Hawkins, Howie (Green)","Jorgensen, Jo (Libertarian)","Trump, Donald (Republican)"
dmpce1h11d,"2020-06-26 20:29:24",9mm3519w,0,0,5,0
r6y3n5ndna,"2020-06-26 20:35:16",9mm3519w,3,1,5,0
yshdm2t42n,"2020-06-26 20:35:31",9mm3519w,0,0,2,5
nn32f2yxye,"2020-06-26 20:35:40",9mm3519w,0,0,5,0
andftx2dzy,"2020-06-26 20:35:45",9mm3519w,1,1,5,1
sryz6p7zn7,"2020-06-26 20:36:17",9mm3519w,0,0,5,0
eantem1fkk,"2020-06-26 20:37:20",9mm3519w,0,0,5,0
4w5s43fxwt,"2020-06-26 20:37:31",9mm3519w,1,3,5,2
hmct36k244,"2020-06-26 20:37:59",9mm3519w,0,0,5,0
xw4fwrymch,"2020-06-26 20:38:38",9mm3519w,1,0,5,2
6xafxcrewf,"2020-06-26 20:38:43",9mm3519w,2,3,5,1
n5m5452k91,"2020-06-26 20:39:15",9mm3519w,0,1,5,2
1445c3xmff,"2020-06-26 20:39:51",9mm3519w,0,0,5,0
e37y92ewkf,"2020-06-26 20:39:51",9mm3519w,1,3,5,1
e2ewwfrcz3,"2020-06-26 20:40:27",9mm3519w,3,0,4,0
a3enpss9ks,"2020-06-26 20:40:38",9mm3519w,0,0,5,0
kt6e3wsm5z,"2020-06-26 20:40:58",9mm3519w,0,1,5,4
erewmtrzy7,"2020-06-26 20:41:14",9mm3519w,0,0,5,0
hd65hhzat7,"2020-06-26 20:42:05",9mm3519w,1,1,5,1
fd9ht2efwm,"2020-06-26 20:42:08",9mm3519w,0,3,5,0
rmtwxd3sww,"2020-06-26 20:42:22",9mm3519w,0,0,5,0
97ydf3zzwm,"2020-06-26 20:42:39",9mm3519w,0,0,5,0
w3adfnax2x,"2020-06-26 20:43:06",9mm3519w,0,2,5,2
mnn49w7ex3,"2020-06-26 20:43:28",9mm3519w,1,2,5,1
wc997pzytk,"2020-06-26 20:44:59",9mm3519w,0,2,5,0
nfzpckkty9,"2020-06-26 20:47:24",9mm3519w,0,0,5,0
fm376wnxp3,"2020-06-26 20:47:44",9mm3519w,0,0,5,3
x7wx552whc,"2020-06-26 20:48:10",9mm3519w,1,3,5,3
ctwddnwxxz,"2020-06-26 20:48:40",9mm3519w,2,1,5,0
7tst51pxs4,"2020-06-26 20:48:51",9mm3519w,0,1,5,3
wkx5wcfsat,"2020-06-26 20:49:54",9mm3519w,0,0,5,0
sxn9fn9yt2,"2020-06-26 20:49:55",9mm3519w,0,0,5,0
2zky1wwtd4,"2020-06-26 20:52:14",9mm3519w,0,1,5,3
h2wk2nek3y,"2020-06-26 20:53:59",9mm3519w,0,0,5,0
z5xzkp21fe,"2020-06-26 20:54:30",9mm3519w,0,0,5,0
swax6tt3ak,"2020-06-26 20:55:01",9mm3519w,0,3,5,0
k6yxfd37nx,"2020-06-26 20:55:18",9mm3519w,1,4,5,1
xrzw1rcz36,"2020-06-26 20:56:18",9mm3519w,1,0,5,0
nm96ddmf7r,"2020-06-26 20:58:01",9mm3519w,0,0,5,0
fz5z194sx9,"2020-06-26 20:59:06",9mm3519w,0,0,5,3
5ez2pxk66k,"2020-06-26 21:01:13",9mm3519w,0,2,5,0
y92k635hwd,"2020-06-26 21:03:23",9mm3519w,1,1,5,1
1snka6fs4a,"2020-06-26 21:04:10",9mm3519w,0,0,5,0
s5dzk5nk57,"2020-06-26 21:05:34",9mm3519w,0,1,5,2
e9x64a25aw,"2020-06-26 21:07:03",9mm3519w,0,0,5,0
3ewd627yx3,"2020-06-26 21:07:37",9mm3519w,1,1,5,3
7xpsmrntph,"2020-06-26 21:08:27",9mm3519w,0,0,4,3
229xezy1dw,"2020-06-26 21:08:38",9mm3519w,0,0,5,0
hc3nt7y9td,"2020-06-26 21:09:49",9mm3519w,0,0,5,0
2zasa7mazt,"2020-06-26 21:12:04",9mm3519w,1,1,5,3
krnyzexwry,"2020-06-26 21:14:39",9mm3519w,1,3,5,1
y5knp2m9t5,"2020-06-26 21:21:39",9mm3519w,2,3,5,2
w9aswsxcah,"2020-06-26 21:23:15",9mm3519w,0,1,5,4
pcx3a449dc,"2020-06-26 21:23:34",9mm3519w,1,1,5,1
tk4249zpy7,"2020-06-26 21:23:53",9mm3519w,0,0,5,0
17eyfm7zc1,"2020-06-26 21:26:38",9mm3519w,0,0,5,2
23cp7mx2x2,"2020-06-26 21:27:23",9mm3519w,0,0,5,0
dr7z23ff3t,"2020-06-26 21:29:41",9mm3519w,0,2,5,0
5yypcy22hx,"2020-06-26 21:31:20",9mm3519w,0,2,5,0
6nfn3c3kph,"2020-06-26 21:31:31",9mm3519w,0,0,5,0
aae6c9yef2,"2020-06-26 21:32:31",9mm3519w,0,1,5,0
ptrdwptdef,"2020-06-26 21:33:06",9mm3519w,1,2,5,2
1xyryzezrp,"2020-06-26 21:43:16",9mm3519w,0,3,5,0
4t9w3hnsmd,"2020-06-26 21:45:43",9mm3519w,0,0,5,0
71x4f1dmzk,"2020-06-26 21:46:54",9mm3519w,0,0,5,0
xtpcsxx1r7,"2020-06-26 21:47:54",9mm3519w,0,1,5,0
mzps5yancn,"2020-06-26 21:55:45",9mm3519w,1,2,5,3
kncxkks2yk,"2020-06-26 22:07:49",9mm3519w,0,0,5,0
ktmpwsezks,"2020-06-26 22:17:54",9mm3519w,5,0,0,0
skd39r4y76,"2020-06-26 22:24:15",9mm3519w,0,3,5,1
sy29zt133y,"2020-06-26 22:29:43",9mm3519w,0,1,5,0
9a492wtzkz,"2020-06-26 22:43:42",9mm3519w,0,0,5,0
yzncfymaae,"2020-06-26 22:53:31",9mm3519w,0,0,5,0
a623p177wk,"2020-06-26 23:01:32",9mm3519w,0,0,5,3
f2f5ft7yye,"2020-06-26 23:30:42",9mm3519w,5,0,0,0
pc6zwsmast,"2020-06-26 23:40:24",9mm3519w,1,3,5,3
s9zscmxr74,"2020-06-27 00:26:35",9mm3519w,1,2,5,0
ypfmf59w6y,"2020-06-27 00:51:19",9mm3519w,0,3,5,1
sxcdhpnwmm,"2020-06-27 01:06:48",9mm3519w,0,0,5,0
a5ny2s3mdc,"2020-06-27 01:57:04",9mm3519w,3,5,1,0
6hw2hpzht4,"2020-06-27 01:59:47",9mm3519w,0,0,5,2
kr2fm72d69,"2020-06-27 03:22:44",9mm3519w,0,0,5,0
3kd54c49ed,"2020-06-27 04:05:08",9mm3519w,2,1,3,2
yr3npcrhzd,"2020-06-27 04:07:15",9mm3519w,0,3,5,0
hw224sa4sf,"2020-06-27 04:21:32",9mm3519w,0,2,5,0
sdpw3h6ee3,"2020-06-27 04:33:53",9mm3519w,0,0,5,3
p9esdhsxps,"2020-06-27 04:36:05",9mm3519w,0,0,5,0
57p367rmd5,"2020-06-27 04:37:16",9mm3519w,0,0,5,0
9c3whh9wmn,"2020-06-27 04:44:24",9mm3519w,0,3,5,1
rnth2trzz7,"2020-06-27 05:05:24",9mm3519w,1,3,5,3
31d7pdttyh,"2020-06-27 05:05:27",9mm3519w,0,1,4,2
raffxfe472,"2020-06-27 05:27:13",9mm3519w,0,2,5,0
ewyfaf3yn7,"2020-06-27 05:31:08",9mm3519w,0,3,5,0
ar56rpr6zc,"2020-06-27 05:33:43",9mm3519w,0,1,5,0
967ydkaepe,"2020-06-27 05:40:41",9mm3519w,0,3,5,0
6k437e9xhn,"2020-06-27 05:41:57",9mm3519w,1,4,5,3
6am1r7yfcs,"2020-06-27 05:43:53",9mm3519w,0,0,5,0
ynhckxm6hp,"2020-06-27 05:45:58",9mm3519w,1,1,4,0
haxp11ycdm,"2020-06-27 05:58:29",9mm3519w,0,3,5,0
ka2p9hac52,"2020-06-27 06:05:05",9mm3519w,0,0,5,2
7x3r34fhmp,"2020-06-27 06:08:12",9mm3519w,0,1,4,4
rr1ada6de6,"2020-06-27 06:57:49",9mm3519w,0,1,5,3
937mddk4e1,"2020-06-27 06:59:58",9mm3519w,0,0,5,0
pr2rydrcy5,"2020-06-27 07:03:39",9mm3519w,1,2,4,3
ea9r2h35kz,"2020-06-27 07:05:55",9mm3519w,0,3,5,0
xfr477pxsf,"2020-06-27 07:15:59",9mm3519w,1,1,5,1
3rn9hfrea1,"2020-06-27 07:21:15",9mm3519w,3,2,5,0
4x7xcc5ztz,"2020-06-27 07:21:25",9mm3519w,0,0,5,0
6y23241rpk,"2020-06-27 07:29:32",9mm3519w,0,0,5,0
eah6zdyt34,"2020-06-27 07:36:38",9mm3519w,0,0,5,0
53w2z3knwy,"2020-06-27 07:41:12",9mm3519w,0,0,5,0
yz4dpt6ttz,"2020-06-27 07:42:52",9mm3519w,1,2,5,1
s9arc6y3zd,"2020-06-27 07:46:40",9mm3519w,0,1,5,0
kn3ck4xzfx,"2020-06-27 07:48:26",9mm3519w,0,3,5,0
za523a6mt3,"2020-06-27 07:49:32",9mm3519w,0,0,5,0
z3dz4ekf2y,"2020-06-27 07:49:59",9mm3519w,0,0,5,4
yhre1pp92y,"2020-06-27 07:52:28",9mm3519w,0,0,5,0
eem9ha5yd5,"2020-06-27 07:52:42",9mm3519w,0,0,5,0
2xkeh5373k,"2020-06-27 07:55:41",9mm3519w,0,0,0,1
kztppys36s,"2020-06-27 07:57:05",9mm3519w,0,1,5,0
h7s1hfacd3,"2020-06-27 07:59:09",9mm3519w,0,0,5,3
xs7xsmf9ym,"2020-06-27 08:00:23",9mm3519w,0,3,5,2
d4174x6yxs,"2020-06-27 08:01:17",9mm3519w,0,0,5,0
m6xte9tx49,"2020-06-27 08:01:26",9mm3519w,0,0,5,0
56fmhma4tx,"2020-06-27 08:03:21",9mm3519w,0,0,5,0
w6rhm76k36,"2020-06-27 08:05:35",9mm3519w,0,0,5,0
5ysp214zxy,"2020-06-27 08:12:26",9mm3519w,0,0,5,0
fx4t2e4wf1,"2020-06-27 08:14:36",9mm3519w,0,2,5,1
72hf1wys1p,"2020-06-27 08:16:06",9mm3519w,1,1,5,1
seyderk9w5,"2020-06-27 08:19:39",9mm3519w,0,0,5,0
nsc7e16p2m,"2020-06-27 08:22:36",9mm3519w,2,1,5,3
my5665fkcd,"2020-06-27 08:31:18",9mm3519w,0,0,5,0
xwhp3tdc7y,"2020-06-27 08:36:13",9mm3519w,0,3,5,0
ypszye1xy9,"2020-06-27 08:37:04",9mm3519w,0,1,5,0
h1hkrf6da3,"2020-06-27 08:37:09",9mm3519w,0,0,5,0
57xa5y4r52,"2020-06-27 08:43:10",9mm3519w,1,2,5,1
t3ee4xe7cd,"2020-06-27 08:44:08",9mm3519w,0,2,5,0
h2ax6ytrc4,"2020-06-27 08:48:58",9mm3519w,0,5,0,0
9p9rs4kf6p,"2020-06-27 08:51:54",9mm3519w,0,0,5,0
z2xxsx7dfd,"2020-06-27 08:52:16",9mm3519w,0,1,5,0
xkp66eaw62,"2020-06-27 08:58:30",9mm3519w,0,0,5,0
h59cka31ky,"2020-06-27 09:02:22",9mm3519w,0,3,5,0
13mwe22szk,"2020-06-27 09:03:28",9mm3519w,0,0,5,0
x7zmrw5ftt,"2020-06-27 09:05:00",9mm3519w,5,3,1,0
21stn4dcky,"2020-06-27 09:05:09",9mm3519w,0,0,5,0
9y62wxdw75,"2020-06-27 09:05:16",9mm3519w,0,0,5,0
kcp2n2ef39,"2020-06-27 09:08:08",9mm3519w,0,2,5,1
y4p5yz2hx2,"2020-06-27 09:10:21",9mm3519w,0,3,5,0
pk4ckdcyhy,"2020-06-27 09:11:13",9mm3519w,0,0,5,0
x2ydftwyfn,"2020-06-27 09:12:58",9mm3519w,0,0,5,0
yaktr7ht94,"2020-06-27 09:21:58",9mm3519w,0,0,5,0
t6re7f26hd,"2020-06-27 09:27:05",9mm3519w,0,4,2,0
3xamc2ycan,"2020-06-27 09:33:19",9mm3519w,0,4,5,2
z1znmym7dm,"2020-06-27 09:33:25",9mm3519w,0,0,5,0
5f9smcfz3d,"2020-06-27 09:41:51",9mm3519w,0,1,5,0
texfd7ey7x,"2020-06-27 09:47:10",9mm3519w,2,3,5,1
4m1254fetf,"2020-06-27 09:49:14",9mm3519w,1,2,5,2
23pw33f9nn,"2020-06-27 10:12:07",9mm3519w,1,2,5,1
nxt454hmd9,"2020-06-27 10:20:28",9mm3519w,0,0,5,0
x6arp23tht,"2020-06-27 10:30:17",9mm3519w,0,1,5,2
1he4k126yk,"2020-06-27 10:36:23",9mm3519w,0,5,1,0
zrhzdcyh26,"2020-06-27 10:37:51",9mm3519w,0,0,5,0
nepwnkrm3k,"2020-06-27 10:40:26",9mm3519w,0,0,5,0
fwkwc9krxz,"2020-06-27 10:43:47",9mm3519w,0,1,5,2
ad6f2m15de,"2020-06-27 10:45:09",9mm3519w,0,0,5,3
k9xzdfwz3h,"2020-06-27 11:21:19",9mm3519w,0,2,5,0
dk251hxz7s,"2020-06-27 11:24:36",9mm3519w,0,0,5,0
se6d5n1pf2,"2020-06-27 11:32:11",9mm3519w,0,0,5,0
wprsapmhpc,"2020-06-27 11:35:09",9mm3519w,2,3,4,1
d9mp7nxxhe,"2020-06-27 11:46:45",9mm3519w,0,3,5,2
pmf5expxad,"2020-06-27 11:47:12",9mm3519w,0,0,5,0
5cct4wp3kx,"2020-06-27 12:04:54",9mm3519w,0,1,5,1
y2cmhe1hwk,"2020-06-27 12:10:49",9mm3519w,2,0,3,1
w3dt2tc9p1,"2020-06-27 12:15:42",9mm3519w,0,0,5,0
x59kyykzzc,"2020-06-27 12:17:29",9mm3519w,4,2,1,0
n9dy7fxxmh,"2020-06-27 12:22:23",9mm3519w,0,3,5,4
mfn1z7ep3x,"2020-06-27 12:25:33",9mm3519w,0,2,2,0
s7nrd9r6r3,"2020-06-27 12:33:38",9mm3519w,0,0,0,5
warsn66y3f,"2020-06-27 12:35:42",9mm3519w,0,2,5,0
92w9zsdwz4,"2020-06-27 12:59:47",9mm3519w,0,0,5,0
1r4ydt5dsr,"2020-06-27 13:08:27",9mm3519w,0,2,5,1
aykn6e2r2e,"2020-06-27 13:25:58",9mm3519w,0,0,5,1
ywy6e5ytrs,"2020-06-27 13:26:49",9mm3519w,0,0,5,0
634xn7p79h,"2020-06-27 13:40:18",9mm3519w,0,0,5,0
34ntacaxrm,"2020-06-27 13:45:30",9mm3519w,2,3,4,2
d6frawx9k5,"2020-06-27 13:46:56",9mm3519w,0,0,5,0
1s1krsxxxn,"2020-06-27 13:55:52",9mm3519w,0,0,5,0
tcr62t7671,"2020-06-27 14:12:16",9mm3519w,1,2,5,1
5rtzpc6rfz,"2020-06-27 14:14:23",9mm3519w,0,0,5,0
17r5xnt3dk,"2020-06-27 14:18:03",9mm3519w,1,1,5,0
7mwkp75t9s,"2020-06-27 14:19:36",9mm3519w,0,1,5,1
1n6dskapdh,"2020-06-27 14:45:04",9mm3519w,0,0,5,0
tr7pfh3dd2,"2020-06-27 15:23:12",9mm3519w,0,0,5,2
3tdxfry732,"2020-06-27 15:25:37",9mm3519w,0,0,5,2
rdfn6n2cc5,"2020-06-27 15:34:49",9mm3519w,0,0,5,3
rn2r2r5mrw,"2020-06-27 15:37:26",9mm3519w,2,0,5,1
sr1fhrx7sd,"2020-06-27 15:54:35",9mm3519w,2,1,2,5
62s6h7ryhp,"2020-06-27 15:59:21",9mm3519w,0,3,5,0
mt3fprad9y,"2020-06-27 16:10:31",9mm3519w,1,1,5,2
tndx1dwayp,"2020-06-27 16:11:34",9mm3519w,5,0,0,0
9hfmwwn226,"2020-06-27 16:34:34",9mm3519w,0,0,5,1
fpsd1c7943,"2020-06-27 16:40:09",9mm3519w,0,0,0,5
dptw2ka6tx,"2020-06-27 16:59:07",9mm3519w,0,2,5,0
knr3m4yhff,"2020-06-27 17:05:34",9mm3519w,0,0,5,0
ta25c3p6hy,"2020-06-27 17:30:56",9mm3519w,1,5,3,2
9p9k649py2,"2020-06-27 17:56:50",9mm3519w,0,1,5,0
9mht5hh9f6,"2020-06-27 18:03:00",9mm3519w,1,5,4,4
531k6fx631,"2020-06-27 18:09:01",9mm3519w,1,2,5,1
cyd6wcet53,"2020-06-27 18:50:34",9mm3519w,0,2,5,0
m1efh3zxas,"2020-06-27 19:03:44",9mm3519w,0,0,5,0
rtpddh6p32,"2020-06-27 19:07:52",9mm3519w,5,0,2,0
rk16arwp9n,"2020-06-27 19:16:17",9mm3519w,5,0,3,0
r2efarznh7,"2020-06-27 19:25:04",9mm3519w,0,0,5,0
c1w2ntxez3,"2020-06-27 19:50:35",9mm3519w,1,4,1,0
a5394sd7d5,"2020-06-27 19:52:34",9mm3519w,0,0,5,0
dke3hz9dt4,"2020-06-27 20:05:06",9mm3519w,0,4,5,0
daph33kkpt,"2020-06-27 20:09:22",9mm3519w,0,0,5,0
e3t5371w13,"2020-06-27 20:09:49",9mm3519w,2,3,5,1
d7fk21p36y,"2020-06-27 20:23:21",9mm3519w,0,0,5,0
mhzpzy5ees,"2020-06-27 20:25:03",9mm3519w,0,0,5,0
f9s6y7k29k,"2020-06-27 20:55:56",9mm3519w,0,2,5,0
7ztd1fsw5y,"2020-06-27 20:57:45",9mm3519w,0,4,5,0
5n6r9cax16,"2020-06-27 20:58:48",9mm3519w,0,3,5,0
3r37zcrw94,"2020-06-27 20:59:10",9mm3519w,0,0,5,0
ask773595y,"2020-06-27 21:05:28",9mm3519w,0,0,5,0
nrhd63fysh,"2020-06-27 21:12:30",9mm3519w,2,1,5,0
49hfpnzxyc,"2020-06-27 21:58:03",9mm3519w,0,0,5,0
k5134krt6a,"2020-06-27 22:10:37",9mm3519w,0,0,5,0
yty43s3caa,"2020-06-27 22:14:34",9mm3519w,0,0,5,0
xhyppr5rsm,"2020-06-27 22:24:04",9mm3519w,0,3,5,0
c1p57w3xzk,"2020-06-27 22:37:16",9mm3519w,0,0,5,0
an1e1psfnf,"2020-06-27 22:50:10",9mm3519w,0,0,5,2
zy29ww1xhp,"2020-06-27 22:53:08",9mm3519w,0,3,5,0
rdsd2z77m7,"2020-06-27 23:18:38",9mm3519w,0,3,5,0
e3dtdwmh7t,"2020-06-27 23:30:34",9mm3519w,1,3,5,1
4379af6rkw,"2020-06-27 23:31:47",9mm3519w,0,0,2,4
t31f2fzce5,"2020-06-27 23:34:11",9mm3519w,1,2,5,1
npyz2zhtpp,"2020-06-28 00:09:48",9mm3519w,0,4,5,0
fya44y9y1y,"2020-06-28 00:13:15",9mm3519w,1,2,5,0
5p1tynpxph,"2020-06-28 00:13:59",9mm3519w,0,0,5,0
y3pf1ezxa3,"2020-06-28 00:16:33",9mm3519w,0,0,3,5
mfxxds1c15,"2020-06-28 01:31:06",9mm3519w,0,2,5,1
wday9tasty,"2020-06-28 01:33:56",9mm3519w,1,3,5,3
ehdc97kkh2,"2020-06-28 02:17:11",9mm3519w,0,0,5,0
63y36t2pc7,"2020-06-28 02:30:34",9mm3519w,2,0,5,2
3thn4maphr,"2020-06-28 02:35:27",9mm3519w,2,1,5,0
w9x7a3nh6z,"2020-06-28 03:06:23",9mm3519w,0,0,5,1
d92ck7dm7n,"2020-06-28 03:22:46",9mm3519w,0,0,5,0
wz7nn3nmsm,"2020-06-28 04:17:42",9mm3519w,5,5,5,3
n946d4d6y4,"2020-06-28 04:17:53",9mm3519w,0,0,5,0
r45yhexech,"2020-06-28 04:20:43",9mm3519w,0,1,5,0
t1padpfm27,"2020-06-28 04:33:28",9mm3519w,0,0,5,0
f9st1d617x,"2020-06-28 04:47:31",9mm3519w,0,3,5,0
r4c3f2t1ek,"2020-06-28 04:59:50",9mm3519w,0,0,5,0
emwmhe6f65,"2020-06-28 05:03:56",9mm3519w,0,0,5,0
p6h3skw3c5,"2020-06-28 05:12:11",9mm3519w,0,0,5,0
taakaexsct,"2020-06-28 05:12:38",9mm3519w,0,4,5,1
s6dyemfc3y,"2020-06-28 05:18:21",9mm3519w,0,0,5,0
e3w3c453fw,"2020-06-28 05:27:28",9mm3519w,0,0,5,0
7pss5th12x,"2020-06-28 05:30:12",9mm3519w,0,0,5,0
h5wznre5e7,"2020-06-28 05:32:20",9mm3519w,0,0,5,0
553w5d7d3w,"2020-06-28 05:42:54",9mm3519w,0,0,5,0
rr3h92x69h,"2020-06-28 05:43:47",9mm3519w,1,0,5,3
9czr7e5m3s,"2020-06-28 05:44:12",9mm3519w,1,1,5,2
6s7dpwdryz,"2020-06-28 06:05:10",9mm3519w,0,0,5,0
49hrmedrfn,"2020-06-28 06:09:06",9mm3519w,0,0,5,0
444zrdcw3h,"2020-06-28 06:25:48",9mm3519w,0,3,5,0
y17m11h1fh,"2020-06-28 06:32:47",9mm3519w,0,2,5,1
d79a5k53zw,"2020-06-28 06:53:55",9mm3519w,0,0,5,0
za772xemfk,"2020-06-28 07:04:28",9mm3519w,0,0,5,1
ndzsent4se,"2020-06-28 07:16:40",9mm3519w,0,0,5,0
32y95m6x52,"2020-06-28 07:28:32",9mm3519w,0,4,5,0
wtzr1w3nt7,"2020-06-28 07:37:15",9mm3519w,0,0,5,0
c2y7deemnr,"2020-06-28 07:38:58",9mm3519w,0,5,5,0
34n5kptfdd,"2020-06-28 07:40:51",9mm3519w,0,5,5,0
ekapwzehca,"2020-06-28 07:44:30",9mm3519w,0,0,5,0
c96ry3ww4f,"2020-06-28 07:49:13",9mm3519w,0,0,5,0
rnwhmttke6,"2020-06-28 07:56:30",9mm3519w,0,3,5,0
afna9r4y7s,"2020-06-28 10:12:31",9mm3519w,4,5,3,0
r2ewehmxyk,"2020-06-28 10:39:05",9mm3519w,0,0,5,0
2n6tnw6hw1,"2020-06-28 11:08:47",9mm3519w,0,3,5,0
rpakmwt9sf,"2020-06-28 11:26:40",9mm3519w,0,0,5,0
kt19zypk9m,"2020-06-28 11:32:00",9mm3519w,0,0,5,0
xz3sm6xyx7,"2020-06-28 11:40:56",9mm3519w,0,0,5,0
79zp4t4fc9,"2020-06-28 12:05:34",9mm3519w,5,0,0,0
r466e53dt9,"2020-06-28 12:15:53",9mm3519w,0,0,5,0
x252m1hsf3,"2020-06-28 12:30:59",9mm3519w,0,4,5,0
22xck773yx,"2020-06-28 12:41:56",9mm3519w,0,0,5,0
hnrk5zprks,"2020-06-28 13:33:54",9mm3519w,0,0,5,0
xs29czk9wh,"2020-06-28 14:19:49",9mm3519w,0,0,5,0
xytt1m22ea,"2020-06-28 14:43:52",9mm3519w,2,1,5,3
p6s3fsm4em,"2020-06-28 14:55:24",9mm3519w,0,0,5,0
2wkpn19xt2,"2020-06-28 14:56:05",9mm3519w,1,1,5,1
enw96tt4ma,"2020-06-28 14:56:56",9mm3519w,0,0,5,0
snfh39zmdy,"2020-06-28 14:58:17",9mm3519w,0,0,5,0
d6w4cdd1c9,"2020-06-28 14:59:27",9mm3519w,3,1,5,0
ah1tsfephy,"2020-06-28 14:59:45",9mm3519w,0,1,5,0
dpda1hx24s,"2020-06-28 15:00:05",9mm3519w,2,4,5,2
zr2s5x4p77,"2020-06-28 15:01:29",9mm3519w,0,0,5,0
phzc2e9r2w,"2020-06-28 15:02:18",9mm3519w,0,0,5,0
p4w2ccw2c9,"2020-06-28 15:10:42",9mm3519w,0,0,5,2
tt9nar5pcd,"2020-06-28 15:10:57",9mm3519w,0,0,5,0
yzef1w6np4,"2020-06-28 15:11:20",9mm3519w,0,0,5,0
hnnk4yrx23,"2020-06-28 15:12:52",9mm3519w,0,0,5,0
x79tz35x47,"2020-06-28 15:15:32",9mm3519w,0,0,5,0
ss6dzas4z3,"2020-06-28 15:16:22",9mm3519w,0,0,5,0
y26mtny6wz,"2020-06-28 15:18:57",9mm3519w,0,0,5,0
e531n9nfc6,"2020-06-28 15:22:51",9mm3519w,0,0,5,0
wddp7x7wma,"2020-06-28 15:25:03",9mm3519w,0,0,5,0
6tar6dc256,"2020-06-28 15:26:21",9mm3519w,1,1,5,4
ny76skxnxy,"2020-06-28 15:27:28",9mm3519w,0,0,5,0
r2wkfeewfs,"2020-06-28 15:37:51",9mm3519w,0,1,5,1
ed6wk7rsa3,"2020-06-28 15:47:52",9mm3519w,0,0,5,0
16f6f9cffx,"2020-06-28 15:50:22",9mm3519w,0,0,5,0
3t3n5mcw5c,"2020-06-28 15:53:58",9mm3519w,0,0,5,0
x4yyc9p17h,"2020-06-28 15:55:50",9mm3519w,0,2,5,3
k1xeazsrpp,"2020-06-28 16:01:49",9mm3519w,0,0,5,3
5s5t1134a6,"2020-06-28 16:03:58",9mm3519w,0,0,5,0
6rx2k75y99,"2020-06-28 16:07:33",9mm3519w,0,0,5,0
zw473331h9,"2020-06-28 16:15:25",9mm3519w,0,0,5,0
1ccwzah2pt,"2020-06-28 16:18:18",9mm3519w,0,0,5,0
4mpc9mtsec,"2020-06-28 16:24:58",9mm3519w,0,0,5,0
75s25nph4e,"2020-06-28 16:25:22",9mm3519w,0,0,5,0
32tchfcd2z,"2020-06-28 16:30:55",9mm3519w,0,1,5,0
npx7haxhfk,"2020-06-28 16:33:55",9mm3519w,0,1,5,1
3esknx9d1n,"2020-06-28 16:38:40",9mm3519w,0,0,5,0
f56737dct4,"2020-06-28 16:42:32",9mm3519w,0,0,0,0
fryxx543zt,"2020-06-28 16:45:46",9mm3519w,0,0,5,0
pnhy6a61za,"2020-06-28 16:48:57",9mm3519w,0,0,5,2
3cwywzy6p1,"2020-06-28 16:52:26",9mm3519w,0,0,5,0
6ec664ht3d,"2020-06-28 16:57:30",9mm3519w,0,0,5,0
zkyedyk5y1,"2020-06-28 17:00:23",9mm3519w,0,0,5,0
4ywh3wtnmr,"2020-06-28 17:02:22",9mm3519w,0,1,5,3
a32maphkap,"2020-06-28 17:07:47",9mm3519w,0,4,5,0
5ezkd355yh,"2020-06-28 17:16:31",9mm3519w,2,1,5,1
1dwktzdryp,"2020-06-28 17:19:06",9mm3519w,0,2,5,3
36z2ytszcz,"2020-06-28 17:26:41",9mm3519w,0,4,5,2
4a7kmtz7c3,"2020-06-28 17:29:22",9mm3519w,0,0,5,0
p7hemt7n1n,"2020-06-28 17:32:33",9mm3519w,0,0,5,0
h75n7ff7m1,"2020-06-28 17:52:48",9mm3519w,0,1,4,2
x5ya1erx7a,"2020-06-28 18:05:47",9mm3519w,0,0,5,0
yhap2dmz41,"2020-06-28 18:09:06",9mm3519w,0,0,5,0
acam3nt5mm,"2020-06-28 18:14:13",9mm3519w,0,0,5,0
91mr131npc,"2020-06-28 18:24:32",9mm3519w,0,1,5,0
24mewncx6w,"2020-06-28 18:27:03",9mm3519w,0,0,5,0
apta41171d,"2020-06-28 18:35:12",9mm3519w,0,0,5,0
d71tystxp7,"2020-06-28 18:43:38",9mm3519w,0,1,5,0
21thcdtfmc,"2020-06-28 19:02:17",9mm3519w,0,0,5,0
drp23rawdz,"2020-06-28 19:08:37",9mm3519w,0,1,5,2
ef5cf1smds,"2020-06-28 19:19:45",9mm3519w,0,0,5,4
3w1kt7xwdc,"2020-06-28 19:59:36",9mm3519w,0,0,5,5
anschf5wsa,"2020-06-28 20:01:00",9mm3519w,0,0,5,0
h7r2w6ptkn,"2020-06-28 20:08:45",9mm3519w,1,5,5,0
r3zzd2fr3m,"2020-06-28 20:18:57",9mm3519w,0,0,5,0
xy6schnrde,"2020-06-28 20:30:42",9mm3519w,0,0,5,0
p9eytt9a2c,"2020-06-28 21:06:23",9mm3519w,0,0,5,0
csfrkw3sm1,"2020-06-28 21:29:34",9mm3519w,0,0,5,5
k2wk3zn154,"2020-06-28 21:38:59",9mm3519w,0,0,5,0
as4z1kmdyy,"2020-06-28 23:04:18",9mm3519w,0,0,5,0
r1e1sd9cxf,"2020-06-28 23:09:44",9mm3519w,2,3,5,0
atyf5p5kwr,"2020-06-29 03:03:48",9mm3519w,0,0,5,4
a6dkw1ezdh,"2020-06-29 04:27:58",9mm3519w,0,0,5,0
4x6f9wttt2,"2020-06-29 05:39:48",9mm3519w,1,3,5,1
n25y1chf5d,"2020-06-29 06:19:33",9mm3519w,0,0,5,0
292r4xtxfc,"2020-06-29 06:21:38",9mm3519w,0,1,5,0
3hzz3k1wrw,"2020-06-29 06:48:30",9mm3519w,1,1,5,1
hnd3a49sm3,"2020-06-29 07:41:29",9mm3519w,2,1,5,2
rtr42x365f,"2020-06-29 08:19:06",9mm3519w,0,0,5,0
x5nf236fr7,"2020-06-29 09:19:04",9mm3519w,0,0,5,0
s57esrkke1,"2020-06-29 09:40:06",9mm3519w,0,2,5,1
2k5t2a7224,"2020-06-29 09:52:14",9mm3519w,0,4,5,0
ps6a2hcx2k,"2020-06-29 10:08:36",9mm3519w,0,0,5,0
1rhec34trn,"2020-06-29 10:58:32",9mm3519w,0,0,5,0
e2679d43hs,"2020-06-29 11:16:50",9mm3519w,0,2,3,4
96m7zyzs7w,"2020-06-29 11:34:11",9mm3519w,0,0,5,1
43fcza13y7,"2020-06-29 16:14:31",9mm3519w,0,0,5,2
y17phmpk61,"2020-06-29 16:18:36",9mm3519w,0,3,5,0
31dpzr3htx,"2020-06-29 16:51:26",9mm3519w,1,3,5,3
haxszrt6py,"2020-06-29 17:21:27",9mm3519w,0,0,5,0
3k317xsdxt,"2020-06-29 17:29:32",9mm3519w,1,3,5,1
md3kz1kekp,"2020-06-29 20:23:45",9mm3519w,0,5,5,0
3za34wdkza,"2020-06-29 21:21:35",9mm3519w,0,0,5,0
nm72m66ry6,"2020-06-29 22:07:17",9mm3519w,0,0,5,0
mztk14wff5,"2020-06-29 22:25:35",9mm3519w,3,0,5,0
16zfe141mx,"2020-06-30 02:12:42",9mm3519w,0,5,4,1
d667s5c9ps,"2020-06-30 07:29:06",9mm3519w,0,0,5,0
npspfr5dy7,"2020-06-30 09:29:59",9mm3519w,0,3,5,0
rryyyz95xe,"2020-06-30 10:37:41",9mm3519w,1,5,2,0
paa9mh4a76,"2020-06-30 10:44:51",9mm3519w,0,0,5,0
ssmratxw5r,"2020-06-30 14:15:32",9mm3519w,0,0,5,0
7pmxtr2414,"2020-06-30 17:34:01",9mm3519w,0,0,5,0
wdpxp25fnr,"2020-06-30 20:05:57",9mm3519w,1,2,5,0
m4wpndpx2w,"2020-06-30 20:21:10",9mm3519w,4,2,5,0
kra3czh341,"2020-06-30 20:27:33",9mm3519w,1,5,2,0
72mhttys7x,"2020-06-30 20:31:00",9mm3519w,3,5,0,0
nffsewp7d4,"2020-06-30 20:32:11",9mm3519w,0,4,5,0
czfcsz1pkn,"2020-06-30 20:45:25",9mm3519w,2,4,3,1
prw9sr9wht,"2020-06-30 21:01:24",9mm3519w,1,5,0,0
32dpf9meas,"2020-06-30 21:01:33",9mm3519w,0,2,5,0
k3hf3cxc1m,"2020-06-30 21:07:02",9mm3519w,1,2,3,1
k57tcd4znk,"2020-06-30 21:14:15",9mm3519w,5,1,1,0
7p15z6knez,"2020-06-30 21:15:01",9mm3519w,0,0,5,0
f4hdkhykrz,"2020-06-30 21:24:01",9mm3519w,0,1,5,2
4h7a34cw1e,"2020-06-30 21:25:15",9mm3519w,1,3,4,2
9pfxk7yrp9,"2020-06-30 21:26:23",9mm3519w,5,0,0,0
fmhmyk3xrw,"2020-06-30 21:28:25",9mm3519w,4,5,3,0
c362awwkmw,"2020-06-30 21:38:20",9mm3519w,5,4,3,0
x1tz7kc627,"2020-06-30 21:42:57",9mm3519w,3,5,0,0
zsyy7mfnch,"2020-06-30 21:52:15",9mm3519w,1,2,3,0
x4e4t2y91k,"2020-06-30 21:53:34",9mm3519w,0,0,5,0
n9p3kep611,"2020-06-30 21:58:57",9mm3519w,0,1,5,0
a4knst9acx,"2020-06-30 22:08:43",9mm3519w,5,2,2,0
n219mtzwcy,"2020-06-30 22:10:07",9mm3519w,5,0,0,0
ezz3cfs565,"2020-06-30 22:13:23",9mm3519w,0,0,5,0
2x61k5wyp5,"2020-06-30 22:16:48",9mm3519w,3,5,2,1
d6zr96nf9m,"2020-06-30 22:22:55",9mm3519w,1,5,0,0
2hrm3ky4kk,"2020-06-30 22:32:59",9mm3519w,1,2,0,0
h1zkn5y97e,"2020-06-30 22:36:53",9mm3519w,1,5,0,0
1h5efcwad2,"2020-06-30 22:53:08",9mm3519w,3,5,2,1
px4ept9dy9,"2020-06-30 23:40:03",9mm3519w,3,4,5,0
ex7dpxakhc,"2020-07-01 00:42:09",9mm3519w,2,3,4,0
xdyxrdfne5,"2020-07-01 00:49:48",9mm3519w,0,5,0,0
9xp1ey4yth,"2020-07-01 02:02:31",9mm3519w,0,0,5,1
69x2t7swz6,"2020-07-01 02:16:52",9mm3519w,0,5,3,0
spppn1569e,"2020-07-01 03:24:58",9mm3519w,0,0,5,0
n5cd61c2x5,"2020-07-01 05:18:48",9mm3519w,5,4,3,0
yz4nfeyrct,"2020-07-01 05:34:45",9mm3519w,1,5,5,0
knpp9wxt24,"2020-07-01 08:11:20",9mm3519w,4,5,1,0
9kk24tac9x,"2020-07-01 09:45:45",9mm3519w,3,5,4,0
fkkc72sw53,"2020-07-01 09:46:33",9mm3519w,4,3,1,0
6y399x3ts7,"2020-07-01 10:00:32",9mm3519w,5,4,3,0
mw51nrntep,"2020-07-01 10:19:24",9mm3519w,1,5,3,0
pfrc3nnh2t,"2020-07-01 11:09:22",9mm3519w,1,3,5,1
raxh6y7m29,"2020-07-01 11:11:35",9mm3519w,0,0,5,0
2rcpec7ts9,"2020-07-01 11:12:55",9mm3519w,0,1,5,0
yn4dh3dfea,"2020-07-01 11:16:08",9mm3519w,3,4,5,0
4y1tna6txy,"2020-07-01 11:20:21",9mm3519w,0,1,5,0
162hc6ecmx,"2020-07-01 11:23:04",9mm3519w,0,0,5,0
73991fat3z,"2020-07-01 11:23:42",9mm3519w,3,0,5,0
hxcd5fxe9h,"2020-07-01 11:25:01",9mm3519w,0,1,5,0
wpcz3dhc65,"2020-07-01 11:45:43",9mm3519w,1,3,5,0
d5669nxedz,"2020-07-01 11:59:00",9mm3519w,0,0,4,5
5nt2a5zfeh,"2020-07-01 12:04:09",9mm3519w,0,0,5,0
sz36rt5d4a,"2020-07-01 12:04:56",9mm3519w,0,5,0,0
k647zt2hn3,"2020-07-01 12:09:28",9mm3519w,0,3,5,0
2ym4hyynr6,"2020-07-01 12:10:38",9mm3519w,0,1,5,4
knttx2eshs,"2020-07-01 12:11:17",9mm3519w,0,0,5,0
dkx1x19drx,"2020-07-01 12:17:41",9mm3519w,3,2,5,0
p47p1p97ya,"2020-07-01 13:03:47",9mm3519w,0,2,5,0
16r1xm4sre,"2020-07-01 13:13:29",9mm3519w,1,3,5,3
7m7nrsh4mk,"2020-07-01 13:14:20",9mm3519w,0,3,5,0
9zmxs1y6xy,"2020-07-01 13:21:30",9mm3519w,0,0,5,4
41kwz4t5h2,"2020-07-01 13:27:43",9mm3519w,0,0,0,5
72nzw9afmk,"2020-07-01 13:30:19",9mm3519w,0,3,5,4
57cpyw4m7p,"2020-07-01 14:20:03",9mm3519w,2,0,5,0
7zx7sa5swx,"2020-07-01 16:26:27",9mm3519w,5,0,0,0
1y72t3txtz,"2020-07-01 16:38:11",9mm3519w,0,0,5,0
a7mrct9yea,"2020-07-01 18:21:26",9mm3519w,2,1,3,0
meadpcf7nk,"2020-07-01 18:57:27",9mm3519w,0,0,5,4
14kpccyamw,"2020-07-01 20:20:20",9mm3519w,2,5,1,0
zzxwp5p4yk,"2020-07-01 21:30:11",9mm3519w,0,0,5,5
h37s49s6p6,"2020-07-01 22:28:15",9mm3519w,5,3,2,0
ewwepwn4hp,"2020-07-01 23:57:46",9mm3519w,1,5,5,0
tt5wme7cpn,"2020-07-02 00:10:04",9mm3519w,0,0,5,0
dy21319cda,"2020-07-02 10:37:57",9mm3519w,0,5,0,0
3yy9fk5xfy,"2020-07-02 11:56:06",9mm3519w,2,5,0,0
ak35xar52z,"2020-07-02 14:20:31",9mm3519w,0,5,2,4
24yxm1w1ka,"2020-07-02 16:38:57",9mm3519w,0,2,5,0
t2x4pr9ddn,"2020-07-02 20:48:13",9mm3519w,0,0,5,0
33m9kfna5e,"2020-07-03 01:24:08",9mm3519w,1,5,2,0
wmxnsspwa3,"2020-07-03 05:30:33",9mm3519w,4,1,3,0
dmdrc4hn34,"2020-07-03 10:53:13",9mm3519w,3,2,2,0
ehscces7t7,"2020-07-03 16:04:25",9mm3519w,3,5,1,0
1e26695d5s,"2020-07-04 12:29:43",9mm3519w,2,4,5,0
f62rfk5kd5,"2020-07-04 22:39:06",9mm3519w,0,1,5,3
k6h291kmwa,"2020-07-05 07:56:14",9mm3519w,0,2,3,0
ch1apddkc9,"2020-07-05 11:40:41",9mm3519w,0,0,5,0
h465cnkmr1,"2020-07-06 01:12:05",9mm3519w,0,0,5,1
ssen3ysnrw,"2020-07-06 18:17:45",9mm3519w,2,5,2,0
ahphna73y5,"2020-07-08 00:49:47",9mm3519w,0,0,5,0
5a21dcaems,"2020-07-08 22:40:06",9mm3519w,0,2,5,0
es45kh2d4y,"2020-07-09 21:33:20",9mm3519w,1,5,0,0
apcppc7az6,"2020-07-09 22:09:52",9mm3519w,5,0,0,0
cfs6h7r7ne,"2020-07-10 22:32:08",9mm3519w,1,5,5,0
57ya72zsz9,"2020-07-11 19:32:57",9mm3519w,2,4,5,1
n1kwsra6dx,"2020-07-12 05:42:39",9mm3519w,3,0,5,0
ck3ader1z3,"2020-07-12 18:28:02",9mm3519w,0,0,5,0
xas94r9aen,"2020-07-13 02:40:35",9mm3519w,0,0,0,5
7fmhz3s3mx,"2020-07-14 02:02:41",9mm3519w,0,2,5,3
tw57twkwan,"2020-07-18 01:11:21",9mm3519w,1,2,5,3
yktkpc7cz6,"2020-07-19 16:09:36",9mm3519w,0,0,0,5
4ds6hexkpt,"2020-07-19 23:05:55",9mm3519w,0,0,0,5
9d9nne1sax,"2020-07-20 20:43:30",9mm3519w,0,4,1,0
1fm9yn1596,"2020-07-20 21:53:26",9mm3519w,0,0,0,5
npw4pc7zk5,"2020-07-23 16:18:29",9mm3519w,0,0,5,0
ed4922hfk2,"2020-07-23 23:10:51",9mm3519w,0,0,0,5
xc37fsm3w5,"2020-07-27 06:23:05",9mm3519w,3,5,2,0
nt3cw5tpx2,"2020-07-27 11:57:49",9mm3519w,5,0,0,0
enas615x3s,"2020-07-28 16:57:19",9mm3519w,1,5,0,0
a4m45pft49,"2020-08-06 19:51:40",9mm3519w,2,1,5,1
eyarah2y9t,"2020-08-10 15:23:59",9mm3519w,3,5,1,0
h1hpx1p2c3,"2020-08-12 21:16:18",9mm3519w,0,4,4,1
3sd3e1nnkn,"2020-08-19 05:30:09",9mm3519w,4,2,3,0
2z9rh6zsff,"2020-08-20 15:15:17",9mm3519w,5,4,2,1
f5msn3ft71,"2020-08-21 20:58:27",9mm3519w,3,5,1,0
ft6z1zmy29,"2020-08-24 18:13:29",9mm3519w,5,4,0,0
673311xewh,"2020-09-11 16:03:37",9mm3519w,2,5,3,1
37ws4ze99f,"2020-09-12 19:44:26",9mm3519w,2,4,2,1
hk4rnytp4p,"2020-09-15 09:38:26",9mm3519w,5,1,3,0
6f7rzx7aa3,"2020-09-16 22:46:06",9mm3519w,5,2,1,0
s5zdck4fsk,"2020-09-17 12:13:49",9mm3519w,4,5,3,0
trrsa2z35r,"2020-09-19 16:57:35",9mm3519w,4,5,2,0
rr1d1wdfnc,"2020-09-19 23:29:53",9mm3519w,5,4,1,0
wae9xankha,"2020-09-21 10:32:29",9mm3519w,1,5,1,0
46mraws2kf,"2020-09-23 15:31:08",9mm3519w,3,5,4,0
f1cs557std,"2020-09-26 20:00:36",9mm3519w,5,1,2,0
4wm46yxedw,"2020-09-29 11:09:51",9mm3519w,1,5,0,0
h672tk996p,"2020-09-29 11:28:42",9mm3519w,5,0,0,0
rw7z3zpe1k,"2020-09-29 11:29:50",9mm3519w,5,4,1,0
7kzynmh7cx,"2020-09-29 12:35:37",9mm3519w,5,0,0,0
fpywc5ak6a,"2020-09-29 12:36:43",9mm3519w,5,0,0,0
6md9rkds5x,"2020-09-29 12:36:57",9mm3519w,5,0,0,0
xds631kx95,"2020-09-29 12:37:24",9mm3519w,5,0,0,0
2s56m6d1t7,"2020-09-29 12:41:43",9mm3519w,5,1,0,0
5x7xpxamkc,"2020-09-29 12:45:39",9mm3519w,5,0,0,0
xzaztmdh1m,"2020-09-29 12:55:25",9mm3519w,5,0,0,0
ft31n3w5fp,"2020-09-29 14:28:32",9mm3519w,5,0,4,5
dnk26m623h,"2020-09-29 14:42:30",9mm3519w,5,0,0,0
nk5fpf931d,"2020-09-29 15:40:23",9mm3519w,5,0,0,0
hnyzmp15sp,"2020-09-29 19:17:11",9mm3519w,5,4,1,0
9swcfww2aa,"2020-10-09 13:06:28",9mm3519w,4,5,3,0
7rtte2dxys,"2020-10-10 15:11:23",9mm3519w,4,5,3,0
e9ny1h9szs,"2020-10-13 16:22:31",9mm3519w,0,0,4,0
9cma4zn9wm,"2020-10-14 17:52:03",9mm3519w,1,2,5,1
xrp1wt2anx,"2020-10-24 21:40:45",9mm3519w,4,3,2,0
rxwcrr2cwa,"2020-10-29 18:10:52",9mm3519w,3,0,3,2
txrmw156pr,"2020-10-30 06:42:02",9mm3519w,3,5,1,0
ydfra4yzte,"2020-11-01 22:01:00",9mm3519w,3,5,0,0
9cfyp9p5sd,"2020-11-03 07:05:57",9mm3519w,0,0,0,0
hwc5zy3zcf,"2020-11-04 13:15:07",9mm3519w,3,5,4,1
d37n2pcz37,"2020-11-11 09:21:45",9mm3519w,0,1,5,4
6417d96md7,"2020-11-11 12:20:34",9mm3519w,1,5,0,0
1nnh4f43tx,"2020-11-15 16:12:59",9mm3519w,5,4,1,0
frk9ys723n,"2020-11-17 11:50:53",9mm3519w,4,5,2,1
5re1d3nt27,"2020-11-19 06:42:08",9mm3519w,5,1,2,0
xm5wwapzc3,"2020-11-19 18:31:33",9mm3519w,5,0,0,0
2fyrcm1h9n,"2020-11-20 18:43:06",9mm3519w,3,5,4,2
24deww5y3d,"2020-12-03 00:19:52",9mm3519w,5,2,1,0
1tn3k34kas,"2020-12-11 22:25:50",9mm3519w,4,5,1,0
esa3yx7ws5,"2020-12-13 18:26:54",9mm3519w,4,5,2,0
t249f6d565,"2020-12-25 20:32:03",9mm3519w,5,4,3,1
sext3p5k7a,"2021-01-02 17:01:15",9mm3519w,4,1,2,0
1cx9436n2n,"2021-01-17 14:00:18",9mm3519w,5,4,4,0
sc1nkp614c,"2021-01-25 09:48:33",9mm3519w,5,1,1,0
64tdw19r5c,"2021-01-29 18:49:31",9mm3519w,5,0,2,0
6kdcdzknaz,"2021-02-01 08:51:47",9mm3519w,5,3,3,2
re5mws36y3,"2021-02-05 23:30:08",9mm3519w,4,5,3,0
e9ewksnh6n,"2021-02-20 11:04:18",9mm3519w,4,5,1,0
nnf6ns9tey,"2021-02-21 13:58:58",9mm3519w,4,5,2,1
4652cpck9n,"2021-02-23 12:48:21",9mm3519w,1,4,5,0
ads9xsk3zf,"2021-03-08 18:51:10",9mm3519w,3,5,0,0
xzmrnp3pna,"2021-03-31 14:08:54",9mm3519w,2,5,0,0
zp9wc9f42r,"2021-04-16 07:57:21",9mm3519w,3,3,1,0
d3ccdcsrce,"2021-04-17 10:33:11",9mm3519w,5,4,3,0
m5f1d9a9rn,"2021-04-28 10:34:38",9mm3519w,3,4,0,0
yd524kre67,"2021-05-05 09:09:55",9mm3519w,5,3,2,0
kmr1keha5z,"2021-05-21 23:17:06",9mm3519w,4,5,1,0
56e5c44cey,"2021-05-28 17:29:58",9mm3519w,2,5,3,1
5rsh799xkt,"2021-06-01 11:11:29",9mm3519w,4,5,0,0
yndraztdpe,"2021-06-07 09:15:26",9mm3519w,5,0,0,0
aynfcx21wm,"2021-06-13 12:19:00",9mm3519w,5,3,0,1
6f34s7p14p,"2021-06-14 19:51:23",9mm3519w,1,0,2,5
1hr54akk7a,"2021-06-22 19:01:15",9mm3519w,4,4,0,0
cn97yxhm7r,"2021-06-30 17:22:23",9mm3519w,2,4,3,1
rrrr7a4e2t,"2021-07-02 14:25:08",9mm3519w,0,0,2,5
2rdhce7ktm,"2021-07-14 00:22:09",9mm3519w,5,2,2,0
5366c62s7n,"2021-07-23 17:44:57",9mm3519w,0,1,2,2
y7cnayn252,"2021-07-26 10:58:34",9mm3519w,4,2,5,0
2s7hch24ep,"2021-08-16 23:59:25",9mm3519w,2,1,4,2
2kx9tk2z2r,"2021-08-23 14:31:14",9mm3519w,0,3,5,3
6xhnn5c2xn,"2021-08-31 22:10:24",9mm3519w,2,4,2,0
43cy1524em,"2021-09-20 21:18:05",9mm3519w,0,2,5,4
ynn3hh1kcc,"2021-09-22 16:33:01",9mm3519w,2,5,1,0
59t4dd1rtt,"2021-10-09 00:29:50",9mm3519w,5,5,5,0
92e37pfysr,"2021-10-28 15:44:09",9mm3519w,2,3,1,1
r419ff97xs,"2021-10-29 08:12:59",9mm3519w,5,4,4,0
41d13y3dd5,"2021-11-30 09:09:40",9mm3519w,2,5,3,1
6ax76mmsnr,"2021-12-21 07:50:06",9mm3519w,4,2,1,0
wnpf97cwy7,"2021-12-28 15:39:42",9mm3519w,0,0,1,5
rfcsr4ks1p,"2022-01-05 13:53:16",9mm3519w,5,1,1,0
9z64w9wzae,"2022-01-21 11:45:10",9mm3519w,1,4,5,2
3hy37yk2hr,"2022-03-13 12:42:50",9mm3519w,1,2,3,5
h3p5691thz,"2022-03-17 21:22:30",9mm3519w,4,2,1,2
d1ym69w27h,"2022-04-04 09:23:08",9mm3519w,4,5,2,0
k49zxdwr5f,"2022-04-19 13:19:34",9mm3519w,1,2,0,3
smd9ys71ht,"2022-05-05 08:55:49",9mm3519w,0,0,0,0
a1ndn5facz,"2022-05-05 18:28:39",9mm3519w,0,5,0,0
kehf9n7sck,"2022-05-20 06:43:56",9mm3519w,5,3,1,0
zd2wr23p7p,"2022-05-23 06:42:56",9mm3519w,2,1,5,0
1mnemx1sa5,"2022-05-25 00:57:54",9mm3519w,0,0,1,5
nprnx5md99,"2022-06-11 13:16:24",9mm3519w,5,1,3,0
w5mtx9zh3y,"2022-07-18 16:27:40",9mm3519w,0,0,5,4
y5237mrmaw,"2022-07-27 21:49:23",9mm3519w,3,5,0,0
f2cdy9h2rw,"2022-08-03 15:42:22",9mm3519w,3,4,1,0
nxhzy1csdw,"2022-08-11 19:30:28",9mm3519w,2,1,3,0
pzrtyapkzt,"2022-08-27 13:26:41",9mm3519w,3,5,3,0
9h5c5pm1tx,"2022-09-05 13:01:44",9mm3519w,1,3,5,0
nx9r45er4z,"2022-09-08 15:48:52",9mm3519w,4,5,3,0
n1snc372xt,"2022-09-22 21:21:52",9mm3519w,5,4,1,0
pfr6ehpt9f,"2022-09-24 03:48:56",9mm3519w,5,1,1,0
ew5asm2ewr,"2022-11-06 12:53:09",9mm3519w,0,3,5,4
pd9cm2wzk1,"2022-11-12 16:07:19",9mm3519w,0,1,2,5
3eep4hdr24,"2022-11-13 22:00:44",9mm3519w,0,0,4,3
7kk19ddtmz,"2022-11-19 17:00:49",9mm3519w,4,5,1,0
a2dwtwxze1,"2022-11-27 09:51:42",9mm3519w,4,4,2,0
57mm1614nf,"2022-12-09 10:25:53",9mm3519w,4,3,3,0
n3336faf49,"2022-12-28 19:57:53",9mm3519w,5,0,0,0
awh7s6ked7,"2023-01-09 11:35:15",9mm3519w,1,2,4,3
fn66ka6k7m,"2023-02-05 19:45:56",9mm3519w,3,4,3,0
mny1tz4525,"2023-02-08 10:03:05",9mm3519w,5,5,2,0
zmx26f9ah2,"2023-02-08 14:17:31",9mm3519w,3,5,1,0
zfw9eayx9t,"2023-02-15 20:34:46",9mm3519w,0,0,5,3
7atfwdwc11,"2023-02-20 17:57:12",9mm3519w,0,0,5,0
wnzm5z1zr1,"2023-03-31 18:11:59",9mm3519w,1,3,4,0
s27khpch9n,"2023-04-11 12:19:37",9mm3519w,1,1,3,5
c456a5x564,"2023-04-11 23:44:12",9mm3519w,4,5,1,0
zh94zfcyy2,"2023-04-29 02:07:12",9mm3519w,3,2,4,0
6hkrkmm5rx,"2023-05-14 16:07:32",9mm3519w,2,5,1,0
