voterID,voteTime,pollID,"Kanye West","Joe Biden","Donald Trump","Andrew Yang","Jo Jorgensen","Howie Hawkins","Bernie Sanders"
ph9ccr1rkw,"2020-07-04 22:27:20",pf69snyx,0,5,0,5,1,2,4
dk9rt4z5kf,"2020-07-04 22:29:53",pf69snyx,0,5,0,0,1,0,0
wdpxp25fnr,"2020-07-04 22:30:48",pf69snyx,2,1,0,4,5,1,1
f62rfk5kd5,"2020-07-04 22:37:49",pf69snyx,1,0,3,2,5,1,0
dtwr9na45r,"2020-07-04 22:44:26",pf69snyx,1,0,1,1,5,2,1
a7w3af6aek,"2020-07-04 23:03:50",pf69snyx,0,4,0,4,2,2,5
ed7zaw1nwe,"2020-07-04 23:37:15",pf69snyx,3,2,1,5,1,3,4
t6y49cm5pz,"2020-07-04 23:39:57",pf69snyx,0,1,0,5,4,3,2
4pa1z7szex,"2020-07-04 23:56:36",pf69snyx,0,1,0,5,1,1,3
6pxz2m1r1z,"2020-07-04 23:57:11",pf69snyx,0,3,0,5,0,0,4
kydn3pd3mk,"2020-07-04 23:58:10",pf69snyx,1,1,0,5,4,3,2
zc3s2d6wcd,"2020-07-05 01:33:39",pf69snyx,0,5,0,0,0,0,0
rc93kp523c,"2020-07-05 01:47:17",pf69snyx,0,4,0,3,1,2,5
nxat2mt5ep,"2020-07-05 01:56:20",pf69snyx,0,3,0,4,0,0,5
yz4nfeyrct,"2020-07-05 05:28:04",pf69snyx,1,1,0,5,4,3,3
a7mrct9yea,"2020-07-05 06:48:31",pf69snyx,0,2,0,4,3,1,0
f125zkk67z,"2020-07-05 07:05:08",pf69snyx,0,0,0,0,5,0,0
w2zhsh7s4h,"2020-07-05 07:07:10",pf69snyx,2,1,1,1,5,1,1
tfh4m7xdnp,"2020-07-05 07:08:14",pf69snyx,0,0,0,0,5,0,0
pftnwrz3sk,"2020-07-05 07:08:43",pf69snyx,0,0,0,0,5,0,0
zcehxw3x96,"2020-07-05 07:10:42",pf69snyx,0,0,0,0,5,0,0
n13ssdamrw,"2020-07-05 07:20:54",pf69snyx,0,0,0,0,5,0,0
anz374x6n1,"2020-07-05 07:25:46",pf69snyx,0,0,0,0,5,0,0
m5ddp1kzmy,"2020-07-05 07:38:23",pf69snyx,2,0,3,1,5,4,0
h4f4y3xz6n,"2020-07-05 07:38:54",pf69snyx,1,3,0,5,2,3,4
seac65p6yd,"2020-07-05 07:48:05",pf69snyx,3,0,2,0,5,0,0
93h1d19k7e,"2020-07-05 07:49:41",pf69snyx,0,1,0,4,0,1,5
twrhmknas5,"2020-07-05 08:00:26",pf69snyx,0,3,0,5,0,0,4
6snszcdz34,"2020-07-05 08:03:20",pf69snyx,3,0,4,0,0,0,0
51m4sdmndp,"2020-07-05 08:04:08",pf69snyx,1,0,0,5,0,0,4
7y6p17fs6k,"2020-07-05 08:22:57",pf69snyx,1,3,0,5,1,4,2
9faf53a6w9,"2020-07-05 08:29:17",pf69snyx,4,2,0,5,4,4,4
pdnsxfwpk2,"2020-07-05 08:30:03",pf69snyx,0,0,0,5,0,0,1
4p72trcmzk,"2020-07-05 08:35:55",pf69snyx,0,3,0,5,0,1,1
7yshznt9d2,"2020-07-05 08:42:46",pf69snyx,0,1,0,5,0,3,5
sykahhce76,"2020-07-05 08:46:37",pf69snyx,4,0,0,5,3,2,3
z1h4yk1x16,"2020-07-05 08:48:18",pf69snyx,2,0,0,1,5,3,3
kh5dpk59tr,"2020-07-05 08:49:31",pf69snyx,0,0,0,0,5,0,0
h7tet37atw,"2020-07-05 08:51:47",pf69snyx,5,0,0,0,0,0,0
pzxxprxhwh,"2020-07-05 08:52:01",pf69snyx,0,0,0,0,5,0,0
ws6t2r57y1,"2020-07-05 08:53:34",pf69snyx,0,0,0,0,5,0,0
extry5yw31,"2020-07-05 08:54:57",pf69snyx,1,2,0,5,1,3,4
w9fnrac2ky,"2020-07-05 08:56:16",pf69snyx,0,0,4,3,5,1,1
5z6ztsnktp,"2020-07-05 08:56:56",pf69snyx,0,0,0,0,5,0,0
kf5wpww9ha,"2020-07-05 08:57:22",pf69snyx,0,1,0,2,0,0,5
nppw14s491,"2020-07-05 08:58:16",pf69snyx,2,0,0,4,1,3,5
17544nnxn7,"2020-07-05 09:00:31",pf69snyx,0,5,0,0,0,0,0
xz2y4xtcnt,"2020-07-05 09:01:29",pf69snyx,0,0,0,3,5,0,0
ne4t2hsh6w,"2020-07-05 09:02:53",pf69snyx,5,0,5,0,0,0,0
6hpcmermwm,"2020-07-05 09:03:29",pf69snyx,0,5,0,0,0,0,0
yf6se3k32k,"2020-07-05 09:04:59",pf69snyx,0,0,0,0,5,2,0
9f5kkkwzsp,"2020-07-05 09:07:51",pf69snyx,0,0,0,0,5,0,0
t7a5ds99as,"2020-07-05 09:10:05",pf69snyx,0,4,0,3,1,0,5
64nr31w9d9,"2020-07-05 09:10:08",pf69snyx,1,3,1,5,2,1,4
9p2spekzhc,"2020-07-05 09:11:30",pf69snyx,0,0,0,0,5,3,0
463kwsmnx9,"2020-07-05 09:11:49",pf69snyx,0,0,0,0,5,0,0
1md6s993yw,"2020-07-05 09:12:55",pf69snyx,0,0,1,0,5,0,2
yhrrtresne,"2020-07-05 09:13:00",pf69snyx,2,0,2,1,5,0,0
4fmnxd94rh,"2020-07-05 09:13:10",pf69snyx,0,0,0,0,5,0,0
ksff2ec7kw,"2020-07-05 09:13:38",pf69snyx,0,0,0,3,5,0,0
fwak75p2hz,"2020-07-05 09:14:04",pf69snyx,0,0,0,0,5,0,0
wdkyecssn7,"2020-07-05 09:14:11",pf69snyx,0,0,0,0,5,0,0
h7e2w5rk3x,"2020-07-05 09:14:18",pf69snyx,1,4,1,1,5,1,2
hc4eysya15,"2020-07-05 09:14:31",pf69snyx,1,3,0,3,1,1,5
hy6ht65rk5,"2020-07-05 09:15:09",pf69snyx,0,0,0,0,5,0,0
cnaefn94tr,"2020-07-05 09:15:12",pf69snyx,0,0,0,0,5,0,0
ak56rft9sc,"2020-07-05 09:15:46",pf69snyx,0,0,0,0,5,0,0
5s49ah3mm9,"2020-07-05 09:15:48",pf69snyx,0,0,0,0,5,0,0
1zztrewxks,"2020-07-05 09:16:35",pf69snyx,0,0,0,0,5,0,0
df1691ct41,"2020-07-05 09:16:35",pf69snyx,0,3,0,5,0,0,3
3wthc77f75,"2020-07-05 09:17:30",pf69snyx,0,0,0,0,5,0,0
sya2dnt5h4,"2020-07-05 09:18:30",pf69snyx,0,0,0,0,5,0,0
zen9kxszc3,"2020-07-05 09:18:35",pf69snyx,0,0,0,0,5,0,0
72nhdpk716,"2020-07-05 09:19:49",pf69snyx,2,1,1,1,5,2,1
yyc9kfkny4,"2020-07-05 09:20:34",pf69snyx,0,0,0,0,5,0,0
z1424fdmsr,"2020-07-05 09:20:51",pf69snyx,0,0,0,0,5,0,0
yf9x22yfh5,"2020-07-05 09:21:00",pf69snyx,0,0,0,0,5,2,0
x72xr137tz,"2020-07-05 09:21:35",pf69snyx,0,1,0,5,3,2,1
ytzcr2phd9,"2020-07-05 09:21:42",pf69snyx,0,0,0,0,5,0,0
5m7r4a94p5,"2020-07-05 09:21:55",pf69snyx,1,0,0,0,5,1,1
a32maphkap,"2020-07-05 09:23:01",pf69snyx,0,0,0,0,5,0,2
7hwpxwntz7,"2020-07-05 09:23:08",pf69snyx,0,0,0,0,5,3,0
tr6errw3ca,"2020-07-05 09:23:10",pf69snyx,0,0,0,0,5,0,0
96yn6wk952,"2020-07-05 09:23:43",pf69snyx,0,0,0,4,5,0,0
andftx2dzy,"2020-07-05 09:23:50",pf69snyx,0,0,0,0,5,0,0
hx9dnpthdx,"2020-07-05 09:24:48",pf69snyx,5,0,4,0,3,0,3
f6edsytcs6,"2020-07-05 09:24:53",pf69snyx,0,0,0,0,5,0,0
nm616t9pzn,"2020-07-05 09:25:04",pf69snyx,0,0,2,0,5,3,0
fw115psf21,"2020-07-05 09:25:35",pf69snyx,0,0,5,0,0,0,0
a513w9amtm,"2020-07-05 09:26:10",pf69snyx,0,0,0,0,5,0,0
wk9emhemxe,"2020-07-05 09:26:28",pf69snyx,0,5,0,5,0,0,5
r2efarznh7,"2020-07-05 09:26:40",pf69snyx,0,0,0,0,5,0,0
5zskh12t2w,"2020-07-05 09:27:10",pf69snyx,0,0,0,0,5,2,2
2atrkssm9s,"2020-07-05 09:27:38",pf69snyx,3,2,1,5,0,4,4
2h4p3rchea,"2020-07-05 09:27:44",pf69snyx,0,0,1,0,5,0,0
63d6p23man,"2020-07-05 09:28:19",pf69snyx,0,0,3,0,5,0,0
7z79ecca5p,"2020-07-05 09:28:39",pf69snyx,0,0,0,0,0,5,0
4wwzf19nxf,"2020-07-05 09:29:06",pf69snyx,2,1,0,0,5,3,3
kh793m3sw4,"2020-07-05 09:29:24",pf69snyx,0,0,0,4,4,0,0
6sr5n3ya76,"2020-07-05 09:29:50",pf69snyx,0,2,1,1,5,2,0
fp3htk1hyn,"2020-07-05 09:29:58",pf69snyx,0,0,0,0,5,0,0
74kr9wxrm5,"2020-07-05 09:30:23",pf69snyx,3,0,0,5,0,0,0
xrp17yxam1,"2020-07-05 09:31:52",pf69snyx,0,1,0,2,5,2,3
7wcdzhastt,"2020-07-05 09:32:30",pf69snyx,0,1,0,2,5,1,4
mcd6cm4nas,"2020-07-05 09:32:33",pf69snyx,0,0,0,0,5,0,0
9sesyfykhn,"2020-07-05 09:33:34",pf69snyx,4,0,0,2,5,0,0
nhxmdp7y9x,"2020-07-05 09:33:54",pf69snyx,0,0,0,0,5,2,2
496n6fycs4,"2020-07-05 09:34:06",pf69snyx,0,0,0,0,5,0,0
c4h427kx5y,"2020-07-05 09:34:30",pf69snyx,0,0,0,0,5,3,0
2wkpn19xt2,"2020-07-05 09:34:43",pf69snyx,0,1,4,2,5,3,0
wymmk7ed2e,"2020-07-05 09:34:46",pf69snyx,0,0,0,0,5,0,0
k179w2c41r,"2020-07-05 09:34:52",pf69snyx,1,3,1,0,5,2,0
r4m7zz4wp6,"2020-07-05 09:35:14",pf69snyx,0,5,0,0,5,0,0
ed6wk7rsa3,"2020-07-05 09:35:24",pf69snyx,2,0,0,3,5,0,0
cdpdz36ecf,"2020-07-05 09:35:25",pf69snyx,2,0,0,1,5,0,1
rdn2r21n7r,"2020-07-05 09:35:38",pf69snyx,0,0,0,0,5,0,0
mt1k9dyem9,"2020-07-05 09:35:47",pf69snyx,0,1,0,4,2,3,3
zs96ax5xxf,"2020-07-05 09:36:53",pf69snyx,0,0,0,0,5,0,0
3x1y5shhhk,"2020-07-05 09:37:31",pf69snyx,3,0,0,1,5,2,1
a2npz457rs,"2020-07-05 09:37:38",pf69snyx,0,0,0,0,5,0,0
ckrwzmp1dm,"2020-07-05 09:37:53",pf69snyx,0,0,2,0,5,0,0
spwfkzat29,"2020-07-05 09:38:03",pf69snyx,2,0,3,0,5,0,0
f9st1d617x,"2020-07-05 09:38:06",pf69snyx,1,0,0,0,5,3,0
n3ey675y75,"2020-07-05 09:38:19",pf69snyx,0,0,0,0,5,0,0
h9hhrst7w6,"2020-07-05 09:38:25",pf69snyx,1,0,0,4,5,2,3
ph7yfn46e7,"2020-07-05 09:38:32",pf69snyx,0,0,0,0,5,0,0
4hx7aawn37,"2020-07-05 09:38:45",pf69snyx,0,0,0,0,5,0,0
p9x3xe4523,"2020-07-05 09:39:02",pf69snyx,0,0,0,0,5,0,0
nsxra35d32,"2020-07-05 09:39:07",pf69snyx,0,0,0,0,5,0,0
9h61xc79dm,"2020-07-05 09:39:10",pf69snyx,0,0,0,0,5,0,0
cs6kpstpk5,"2020-07-05 09:39:37",pf69snyx,0,0,0,0,5,0,0
tcp95canhs,"2020-07-05 09:39:48",pf69snyx,0,0,0,0,5,3,0
fmexr4pahh,"2020-07-05 09:39:49",pf69snyx,0,0,0,0,5,0,0
9zws6ykrf2,"2020-07-05 09:40:26",pf69snyx,0,0,0,0,5,0,0
6f1tw92mrp,"2020-07-05 09:40:32",pf69snyx,0,0,0,0,5,0,0
36r3ema4x2,"2020-07-05 09:40:34",pf69snyx,0,0,2,1,5,0,0
w6ey56a6fz,"2020-07-05 09:40:35",pf69snyx,0,0,0,0,5,0,0
xtn6zffzm5,"2020-07-05 09:40:49",pf69snyx,0,0,0,0,5,0,0
ny69waak7e,"2020-07-05 09:40:50",pf69snyx,0,0,0,0,5,0,0
4ywcwxftka,"2020-07-05 09:40:53",pf69snyx,0,0,0,0,5,0,0
1wksmm4h9m,"2020-07-05 09:40:55",pf69snyx,0,0,0,0,5,0,0
taeaem1h9r,"2020-07-05 09:41:18",pf69snyx,0,0,0,0,5,0,0
29xy5s1c1e,"2020-07-05 09:41:39",pf69snyx,0,0,0,0,5,0,0
3n397rr4rf,"2020-07-05 09:42:07",pf69snyx,0,0,0,0,5,0,0
k3f5an773n,"2020-07-05 09:42:14",pf69snyx,0,0,0,0,5,0,0
37mfhas11y,"2020-07-05 09:42:22",pf69snyx,0,2,0,5,0,0,3
6ms9616yee,"2020-07-05 09:42:46",pf69snyx,0,0,0,0,5,0,0
m6nsnm6y9c,"2020-07-05 09:42:49",pf69snyx,0,0,0,0,5,0,0
cxs17dsysm,"2020-07-05 09:42:51",pf69snyx,0,0,0,4,5,2,1
ayzmashtr7,"2020-07-05 09:43:10",pf69snyx,0,0,0,0,5,0,0
1rcr7m2ka6,"2020-07-05 09:43:19",pf69snyx,0,0,0,0,5,0,0
24mewncx6w,"2020-07-05 09:43:22",pf69snyx,0,0,0,0,5,0,0
rr537nw2tt,"2020-07-05 09:43:26",pf69snyx,0,0,0,0,5,0,0
rwmt7cwd2r,"2020-07-05 09:43:46",pf69snyx,0,0,0,0,5,0,0
da7kp7sh9r,"2020-07-05 09:43:49",pf69snyx,0,0,0,0,5,0,0
k2kxct5x1k,"2020-07-05 09:44:09",pf69snyx,1,1,4,1,5,1,2
7e3ey7p6dn,"2020-07-05 09:44:12",pf69snyx,0,0,0,0,0,0,0
nt7d39tacc,"2020-07-05 09:44:28",pf69snyx,0,0,0,0,5,0,0
a5nz1s4ff1,"2020-07-05 09:44:37",pf69snyx,1,0,0,3,5,2,1
a2p4np2nth,"2020-07-05 09:45:07",pf69snyx,0,0,5,0,5,0,0
hshss77cm5,"2020-07-05 09:45:07",pf69snyx,1,0,2,0,5,1,1
16ykfzrh3h,"2020-07-05 09:45:09",pf69snyx,2,0,1,3,5,1,0
746hxmhym4,"2020-07-05 09:45:11",pf69snyx,0,0,3,0,5,0,2
dpda1hx24s,"2020-07-05 09:45:11",pf69snyx,0,0,2,3,5,3,3
f745366xp3,"2020-07-05 09:45:11",pf69snyx,0,0,3,1,5,2,0
wm3r3n3kc5,"2020-07-05 09:45:17",pf69snyx,0,0,0,0,5,0,0
z7t1xmks4d,"2020-07-05 09:45:18",pf69snyx,0,0,2,1,5,1,0
n2hnrkc7p4,"2020-07-05 09:45:23",pf69snyx,0,0,0,0,5,0,0
26h6yx5p1n,"2020-07-05 09:46:17",pf69snyx,0,0,0,0,5,0,0
tsp96e14rr,"2020-07-05 09:46:28",pf69snyx,0,0,0,0,5,0,0
d4shf1sfkk,"2020-07-05 09:46:35",pf69snyx,0,0,3,0,5,0,0
rrrpae7nh7,"2020-07-05 09:47:18",pf69snyx,0,0,0,0,5,0,0
kmzde79wzf,"2020-07-05 09:47:24",pf69snyx,0,0,0,0,5,0,0
ewncczh2rf,"2020-07-05 09:47:26",pf69snyx,0,0,0,0,5,0,0
rk99edecdh,"2020-07-05 09:47:37",pf69snyx,0,0,0,0,5,0,0
9exa3xd2z6,"2020-07-05 09:48:01",pf69snyx,0,0,0,0,5,2,2
xc6fkys9re,"2020-07-05 09:48:05",pf69snyx,1,1,1,1,5,1,1
xmf9hkdyy2,"2020-07-05 09:48:05",pf69snyx,0,0,0,2,5,3,4
3spncfh3ep,"2020-07-05 09:48:18",pf69snyx,0,0,3,0,5,0,0
ch6r25srte,"2020-07-05 09:48:21",pf69snyx,0,0,4,2,5,0,0
haxp11ycdm,"2020-07-05 09:48:50",pf69snyx,0,0,0,0,5,3,0
ssc7eyskt4,"2020-07-05 09:49:06",pf69snyx,0,0,3,0,5,0,0
xsf7yak43r,"2020-07-05 09:49:09",pf69snyx,0,0,1,2,5,2,2
1t21thpczw,"2020-07-05 09:49:19",pf69snyx,0,0,0,0,5,0,0
3pp61dxt9d,"2020-07-05 09:49:39",pf69snyx,0,0,0,0,5,0,0
2z5k7d2d9e,"2020-07-05 09:49:58",pf69snyx,0,0,0,0,5,0,0
drfh5774ry,"2020-07-05 09:50:06",pf69snyx,0,0,0,0,5,0,0
s4h2wr7ase,"2020-07-05 09:50:08",pf69snyx,0,0,0,2,5,0,0
ctkrapksxk,"2020-07-05 09:50:10",pf69snyx,1,1,1,2,5,1,1
f2hec2kh45,"2020-07-05 09:50:15",pf69snyx,0,0,2,0,5,0,0
sn9x4n5ahh,"2020-07-05 09:50:17",pf69snyx,0,0,0,0,5,0,0
4s9y77n7zx,"2020-07-05 09:50:26",pf69snyx,0,0,2,4,5,0,0
cn1krhn62e,"2020-07-05 09:50:39",pf69snyx,0,0,0,0,5,0,0
t4zx5r6c3r,"2020-07-05 09:50:47",pf69snyx,0,0,0,0,5,0,0
k69r313k32,"2020-07-05 09:51:00",pf69snyx,0,1,1,1,5,0,0
ynhckxm6hp,"2020-07-05 09:51:19",pf69snyx,0,0,0,1,5,1,0
4md1yp19em,"2020-07-05 09:51:23",pf69snyx,0,0,0,0,5,0,0
e6m5wehx77,"2020-07-05 09:51:35",pf69snyx,0,0,0,0,5,0,0
nrhd63fysh,"2020-07-05 09:51:37",pf69snyx,0,1,0,2,5,0,0
mpzsrn4sc7,"2020-07-05 09:51:40",pf69snyx,0,0,0,0,5,0,0
xfmpcnpff1,"2020-07-05 09:51:57",pf69snyx,0,0,1,2,5,0,0
yzhxddrdny,"2020-07-05 09:52:03",pf69snyx,0,0,0,0,5,0,0
w47mc9x4fc,"2020-07-05 09:52:16",pf69snyx,0,0,0,0,5,1,0
emwmhe6f65,"2020-07-05 09:52:24",pf69snyx,0,0,0,0,5,0,0
y7mp5azr9e,"2020-07-05 09:52:34",pf69snyx,0,0,0,0,5,1,0
wpncrk425k,"2020-07-05 09:53:27",pf69snyx,0,0,0,0,5,0,0
ye4d61n4p7,"2020-07-05 09:53:33",pf69snyx,0,0,1,0,5,0,0
4x7xcc5ztz,"2020-07-05 09:53:39",pf69snyx,0,0,0,0,5,0,0
y26mtny6wz,"2020-07-05 09:53:45",pf69snyx,0,0,0,0,5,0,0
m2kn12nzpz,"2020-07-05 09:54:00",pf69snyx,0,3,0,5,5,0,5
33w23f69ex,"2020-07-05 09:54:58",pf69snyx,0,1,0,0,5,3,0
3r37zcrw94,"2020-07-05 09:55:02",pf69snyx,0,0,0,0,5,0,0
z9m3p5hf5m,"2020-07-05 09:55:28",pf69snyx,2,0,0,5,3,3,4
hsntpxe212,"2020-07-05 09:55:32",pf69snyx,0,0,0,0,5,0,0
r2pfxf1t2m,"2020-07-05 09:55:34",pf69snyx,0,0,0,0,5,0,0
szs5mm5drs,"2020-07-05 09:56:13",pf69snyx,0,0,0,0,5,0,0
xs2r7ns6h9,"2020-07-05 09:56:24",pf69snyx,0,0,0,0,5,0,0
p552da7ek1,"2020-07-05 09:56:48",pf69snyx,0,0,0,0,5,0,0
x62xkptr7w,"2020-07-05 09:57:01",pf69snyx,1,1,1,3,5,1,1
sxxdy63dhy,"2020-07-05 09:57:05",pf69snyx,2,3,3,4,5,1,1
9p9rs4kf6p,"2020-07-05 09:57:21",pf69snyx,0,0,0,0,5,0,0
wkm96tdmfz,"2020-07-05 09:57:27",pf69snyx,0,0,0,0,5,3,2
mnn49w7ex3,"2020-07-05 09:57:49",pf69snyx,0,0,0,2,5,1,0
ypszye1xy9,"2020-07-05 09:57:49",pf69snyx,0,0,0,0,5,0,0
tm2sttr24z,"2020-07-05 09:58:08",pf69snyx,0,0,0,0,5,0,0
w4z7sz749s,"2020-07-05 09:58:43",pf69snyx,0,0,0,0,5,0,0
kaf34x55h2,"2020-07-05 09:58:52",pf69snyx,1,3,0,5,2,3,4
ynfen5253c,"2020-07-05 09:58:56",pf69snyx,0,0,0,0,5,0,0
pyxpayx4m3,"2020-07-05 09:58:58",pf69snyx,0,0,1,0,5,0,0
365ny99s3n,"2020-07-05 09:59:09",pf69snyx,0,0,0,0,5,0,0
w9aswsxcah,"2020-07-05 09:59:56",pf69snyx,0,0,4,0,5,0,0
kye3km6kp1,"2020-07-05 10:00:27",pf69snyx,0,0,0,3,5,0,0
ww9x9h1yx2,"2020-07-05 10:00:35",pf69snyx,4,0,0,3,5,2,2
wkypyh7ns4,"2020-07-05 10:00:47",pf69snyx,0,0,0,0,5,0,0
s1nmzpyzwm,"2020-07-05 10:01:27",pf69snyx,0,0,0,0,5,0,0
s7zafcttzn,"2020-07-05 10:01:48",pf69snyx,0,0,0,0,5,0,0
15742w4khk,"2020-07-05 10:01:58",pf69snyx,0,0,0,1,5,3,3
3dpwz5hzpm,"2020-07-05 10:02:05",pf69snyx,0,0,4,1,5,0,0
zt7hc644e2,"2020-07-05 10:03:41",pf69snyx,0,0,0,0,5,0,0
mk4ycdszy2,"2020-07-05 10:04:45",pf69snyx,1,2,1,3,5,1,3
fkptfy49cw,"2020-07-05 10:05:34",pf69snyx,1,1,4,1,5,1,1
mdhyw525dh,"2020-07-05 10:05:51",pf69snyx,0,0,0,0,5,0,0
ch1apddkc9,"2020-07-05 10:06:02",pf69snyx,0,0,0,0,5,0,0
4a1xec6ywr,"2020-07-05 10:07:03",pf69snyx,1,0,3,0,5,3,0
pttypzen4p,"2020-07-05 10:07:10",pf69snyx,0,0,3,0,5,0,0
yz4921545m,"2020-07-05 10:07:14",pf69snyx,0,0,0,1,5,0,0
61rsssm5px,"2020-07-05 10:07:44",pf69snyx,0,0,0,0,5,0,0
e1w119k7yw,"2020-07-05 10:08:47",pf69snyx,0,0,0,0,5,0,0
xn1r2df6we,"2020-07-05 10:08:54",pf69snyx,0,0,0,0,5,0,0
y5y1d14h2a,"2020-07-05 10:08:56",pf69snyx,1,0,3,4,5,1,1
43y2a92r45,"2020-07-05 10:09:23",pf69snyx,0,0,0,0,5,0,0
h9ed2enzr3,"2020-07-05 10:09:23",pf69snyx,0,0,0,0,5,0,0
49wz24kd36,"2020-07-05 10:09:31",pf69snyx,0,0,1,1,4,0,0
5akwec5my7,"2020-07-05 10:09:38",pf69snyx,0,0,0,0,5,0,0
1xmnw9wwpa,"2020-07-05 10:09:46",pf69snyx,0,0,0,0,5,2,0
6t9k6rwref,"2020-07-05 10:09:49",pf69snyx,3,0,3,0,5,0,0
4c3xwcz1pd,"2020-07-05 10:09:54",pf69snyx,0,0,0,2,5,2,2
xt2fphdpcf,"2020-07-05 10:10:06",pf69snyx,0,0,0,3,5,2,0
hfm9ymcwcw,"2020-07-05 10:10:20",pf69snyx,0,0,2,0,5,0,0
6h1a5ta5tm,"2020-07-05 10:11:04",pf69snyx,0,0,0,0,5,0,0
dm1rpswdc6,"2020-07-05 10:11:26",pf69snyx,2,0,0,2,5,3,3
ea6fwzr93e,"2020-07-05 10:12:06",pf69snyx,2,2,2,2,4,4,0
pknfdc535p,"2020-07-05 10:12:29",pf69snyx,0,0,0,0,5,0,5
a7332n5knc,"2020-07-05 10:12:50",pf69snyx,0,0,5,0,0,0,0
fzx9nrch2x,"2020-07-05 10:13:25",pf69snyx,0,0,0,0,5,0,0
ax62xchn4m,"2020-07-05 10:13:55",pf69snyx,0,0,0,0,5,0,0
152yhxrc16,"2020-07-05 10:14:26",pf69snyx,0,2,0,4,5,2,1
5534m2wr3h,"2020-07-05 10:14:28",pf69snyx,1,0,0,1,5,1,1
knzstt7khz,"2020-07-05 10:14:32",pf69snyx,0,0,4,0,5,0,0
21stn4dcky,"2020-07-05 10:14:53",pf69snyx,0,0,2,3,5,0,0
echdtxe2yn,"2020-07-05 10:14:54",pf69snyx,0,5,0,0,0,0,0
7y4xm6nmt3,"2020-07-05 10:14:58",pf69snyx,0,0,0,0,5,0,0
1eh3tmatx5,"2020-07-05 10:15:04",pf69snyx,0,0,0,0,5,0,0
r5fskyks23,"2020-07-05 10:15:17",pf69snyx,0,0,0,3,5,3,0
ea1xzwxhpk,"2020-07-05 10:15:30",pf69snyx,1,0,3,0,5,0,0
m6ykp5px24,"2020-07-05 10:15:40",pf69snyx,0,0,2,0,5,0,0
c5em77em2d,"2020-07-05 10:16:11",pf69snyx,1,0,4,1,5,0,0
e41r91wf6n,"2020-07-05 10:16:36",pf69snyx,0,0,0,0,5,0,0
nte629hks5,"2020-07-05 10:16:37",pf69snyx,0,0,0,0,5,0,0
nddccerpcw,"2020-07-05 10:16:47",pf69snyx,0,0,0,0,5,0,0
16f6f9cffx,"2020-07-05 10:16:53",pf69snyx,0,0,0,0,5,0,0
6mex9xk1ht,"2020-07-05 10:17:46",pf69snyx,0,0,0,0,5,0,0
hey5r3nspw,"2020-07-05 10:18:11",pf69snyx,0,0,0,1,5,3,2
r25sw99537,"2020-07-05 10:18:28",pf69snyx,0,0,0,0,5,0,0
s4wxkfzd65,"2020-07-05 10:18:45",pf69snyx,0,0,0,0,5,2,2
e1tmcywx64,"2020-07-05 10:19:53",pf69snyx,0,0,0,0,5,0,0
3h2eymwme9,"2020-07-05 10:20:16",pf69snyx,2,1,2,2,5,3,1
f95fh6cc4k,"2020-07-05 10:20:46",pf69snyx,0,0,0,0,5,0,0
w3yc24wn7h,"2020-07-05 10:21:56",pf69snyx,0,0,2,0,5,0,0
17eyfm7zc1,"2020-07-05 10:23:07",pf69snyx,0,0,2,0,5,0,0
pytysnpf1r,"2020-07-05 10:23:56",pf69snyx,0,0,0,0,5,0,0
n65nfc5wr5,"2020-07-05 10:24:14",pf69snyx,0,1,0,0,5,0,3
6rx2k75y99,"2020-07-05 10:24:27",pf69snyx,2,1,2,2,5,1,1
zmse17tnh1,"2020-07-05 10:24:27",pf69snyx,0,0,3,1,5,0,0
14sh971p5a,"2020-07-05 10:24:33",pf69snyx,0,0,1,0,5,0,0
t3en7ys46a,"2020-07-05 10:24:38",pf69snyx,0,1,1,2,5,2,0
1r4ydt5dsr,"2020-07-05 10:24:58",pf69snyx,0,0,2,3,5,1,0
dhak6sz7ee,"2020-07-05 10:24:59",pf69snyx,0,0,0,0,5,0,0
npny27cxhs,"2020-07-05 10:25:01",pf69snyx,0,0,0,0,5,0,0
m5ryr3ryf4,"2020-07-05 10:25:11",pf69snyx,3,0,0,0,5,0,0
7cp97fknma,"2020-07-05 10:25:17",pf69snyx,0,0,0,0,5,0,0
xp1kp5531w,"2020-07-05 10:25:51",pf69snyx,0,1,0,5,5,1,4
75ap3rwc7m,"2020-07-05 10:26:20",pf69snyx,0,0,0,0,5,0,0
9a4drsfxn3,"2020-07-05 10:26:27",pf69snyx,0,0,1,1,5,1,3
hahd26d7cm,"2020-07-05 10:27:03",pf69snyx,0,0,0,0,5,0,0
4hea7rk1ac,"2020-07-05 10:27:17",pf69snyx,0,0,1,3,5,4,2
yx3mcn24f4,"2020-07-05 10:27:47",pf69snyx,0,0,0,0,5,0,0
721yd4c4hm,"2020-07-05 10:28:00",pf69snyx,0,0,0,3,5,0,0
adx5py3hxy,"2020-07-05 10:28:20",pf69snyx,0,0,0,0,5,0,0
deknm6hzcp,"2020-07-05 10:28:21",pf69snyx,0,0,0,0,5,0,0
dtm95sx675,"2020-07-05 10:28:21",pf69snyx,1,2,2,0,5,0,0
hr9enr5esn,"2020-07-05 10:30:18",pf69snyx,0,0,1,2,5,1,1
wzrdyyp5sn,"2020-07-05 10:30:36",pf69snyx,0,0,0,0,5,0,0
dz7351ksa6,"2020-07-05 10:30:48",pf69snyx,0,0,0,0,5,0,0
ds3wzp44yf,"2020-07-05 10:30:57",pf69snyx,0,1,3,0,5,1,0
f1xms52kpe,"2020-07-05 10:30:57",pf69snyx,0,0,0,0,5,0,0
yns5tsmfc1,"2020-07-05 10:31:05",pf69snyx,0,0,0,0,5,0,5
3kzaxcn2y2,"2020-07-05 10:31:19",pf69snyx,0,0,0,0,5,0,0
wyxs6azty6,"2020-07-05 10:31:42",pf69snyx,0,0,0,0,5,0,0
m99ntwhyw2,"2020-07-05 10:31:57",pf69snyx,0,0,0,0,5,0,5
fhsmeh9dya,"2020-07-05 10:32:06",pf69snyx,0,0,0,0,5,0,0
3dk7yxfsk5,"2020-07-05 10:32:34",pf69snyx,2,1,2,3,5,2,2
r24akxefrz,"2020-07-05 10:33:04",pf69snyx,0,3,0,0,5,0,0
1m71tfphhn,"2020-07-05 10:33:15",pf69snyx,0,0,0,0,5,0,0
ckct7ynwsm,"2020-07-05 10:33:20",pf69snyx,0,0,0,0,5,0,5
z7zzzz2mw4,"2020-07-05 10:34:02",pf69snyx,0,0,0,0,5,1,1
3phe2w9mx4,"2020-07-05 10:34:33",pf69snyx,1,3,1,0,5,3,0
3tdxfry732,"2020-07-05 10:34:46",pf69snyx,0,0,0,0,5,0,0
rhn7ayn6af,"2020-07-05 10:35:03",pf69snyx,0,0,0,0,5,0,0
kne6hyrda6,"2020-07-05 10:35:43",pf69snyx,0,0,0,0,5,0,0
zr4ymkxshr,"2020-07-05 10:36:48",pf69snyx,0,0,0,0,5,0,0
hc3nt7y9td,"2020-07-05 10:36:54",pf69snyx,0,0,0,3,5,0,0
eyxnrna1n2,"2020-07-05 10:37:40",pf69snyx,0,0,0,0,5,0,0
f5tsmkc2k4,"2020-07-05 10:37:46",pf69snyx,0,0,3,0,5,0,0
kwtzpw316s,"2020-07-05 10:38:03",pf69snyx,0,0,0,0,5,0,0
nd14emdnrs,"2020-07-05 10:38:13",pf69snyx,0,0,0,0,5,0,0
6cwyw3fmd3,"2020-07-05 10:38:23",pf69snyx,0,0,0,0,5,0,0
tyx47wtmdk,"2020-07-05 10:39:32",pf69snyx,0,0,0,0,5,0,3
t4zn59kk9c,"2020-07-05 10:40:03",pf69snyx,0,0,0,0,5,0,0
9kcyxw9dan,"2020-07-05 10:40:08",pf69snyx,1,0,0,5,5,0,2
6re7wahhcs,"2020-07-05 10:40:34",pf69snyx,0,0,0,0,5,0,0
tn67n922e2,"2020-07-05 10:40:46",pf69snyx,0,0,0,0,5,0,0
xzmwce2t94,"2020-07-05 10:41:17",pf69snyx,2,2,0,0,5,0,5
awxws3emnh,"2020-07-05 10:43:31",pf69snyx,5,0,5,0,0,0,0
hnw9xwdkar,"2020-07-05 10:43:56",pf69snyx,0,0,0,2,5,0,2
596sxh6xw2,"2020-07-05 10:43:59",pf69snyx,0,0,0,0,5,0,0
t2664y1r2n,"2020-07-05 10:44:26",pf69snyx,0,0,0,0,5,0,0
7e7pkcayt7,"2020-07-05 10:44:29",pf69snyx,0,0,0,0,5,0,0
7atp5nrf6k,"2020-07-05 10:45:10",pf69snyx,0,0,0,0,5,0,0
k562yhpm47,"2020-07-05 10:45:32",pf69snyx,0,0,0,0,5,0,5
f57p4pyy7f,"2020-07-05 10:47:20",pf69snyx,0,0,0,0,0,0,0
azzafk2aes,"2020-07-05 10:48:25",pf69snyx,0,2,0,3,5,1,0
x9p23mmksx,"2020-07-05 10:49:19",pf69snyx,0,0,0,0,5,0,0
53r7myxpfd,"2020-07-05 10:50:21",pf69snyx,0,0,0,0,5,0,0
42rwz6yah1,"2020-07-05 10:53:38",pf69snyx,2,1,2,1,5,1,1
am7nnerw3m,"2020-07-05 10:54:51",pf69snyx,0,0,1,0,5,0,0
3c93nsrf6s,"2020-07-05 10:54:58",pf69snyx,0,0,0,0,5,0,0
tesrrn9t43,"2020-07-05 10:55:14",pf69snyx,0,0,0,4,5,3,0
w9f7t7p4xs,"2020-07-05 10:55:17",pf69snyx,0,0,0,0,5,0,0
92w9zsdwz4,"2020-07-05 10:56:12",pf69snyx,0,0,0,0,5,0,0
h26xypmen2,"2020-07-05 10:57:25",pf69snyx,0,0,0,0,5,0,0
d495hc52na,"2020-07-05 10:58:59",pf69snyx,3,1,2,4,5,1,3
5srpc3mecd,"2020-07-05 10:59:21",pf69snyx,0,0,1,0,5,0,0
7kc2dacssy,"2020-07-05 10:59:40",pf69snyx,0,0,0,0,5,0,0
x5nf236fr7,"2020-07-05 11:01:19",pf69snyx,0,0,0,0,5,0,0
69enmn3t7c,"2020-07-05 11:01:32",pf69snyx,0,0,0,0,5,0,2
hppnnzpcat,"2020-07-05 11:01:37",pf69snyx,0,1,0,3,5,2,5
4d914fsyth,"2020-07-05 11:01:40",pf69snyx,0,0,0,0,5,0,0
twsz4fk9mh,"2020-07-05 11:01:50",pf69snyx,0,0,0,0,5,0,0
tf9np4d3y1,"2020-07-05 11:02:50",pf69snyx,0,0,3,0,5,0,0
26sywy7dtt,"2020-07-05 11:02:55",pf69snyx,0,0,2,2,5,0,3
hf7fatyrrh,"2020-07-05 11:03:08",pf69snyx,0,1,0,0,5,0,0
c2s7xcchdx,"2020-07-05 11:03:31",pf69snyx,0,0,0,0,5,0,0
pdk9kp2959,"2020-07-05 11:04:04",pf69snyx,0,0,0,0,5,0,0
dw5chase2x,"2020-07-05 11:04:36",pf69snyx,0,0,0,0,5,1,0
734yp74k5r,"2020-07-05 11:04:46",pf69snyx,0,1,1,0,5,4,2
t3593ac5t3,"2020-07-05 11:05:08",pf69snyx,0,0,0,0,5,0,0
eh4332fxmx,"2020-07-05 11:05:22",pf69snyx,5,0,0,0,0,0,0
z479rmccfy,"2020-07-05 11:06:01",pf69snyx,0,2,1,2,5,3,3
xnya6ahmar,"2020-07-05 11:06:41",pf69snyx,1,1,2,2,5,2,2
ssfz19hmx7,"2020-07-05 11:06:54",pf69snyx,0,0,0,0,5,0,0
4f9fay957t,"2020-07-05 11:07:15",pf69snyx,0,0,0,0,5,0,0
prpxsswwpc,"2020-07-05 11:07:34",pf69snyx,0,0,0,0,5,0,0
t4r4hxhppx,"2020-07-05 11:07:39",pf69snyx,0,0,0,0,5,0,0
cfseham6s5,"2020-07-05 11:07:52",pf69snyx,0,4,0,0,0,0,0
srf1fxprtm,"2020-07-05 11:08:53",pf69snyx,0,0,0,0,5,0,0
zrrwnhnt5s,"2020-07-05 11:10:00",pf69snyx,3,0,0,4,5,0,0
sdnphp2p9f,"2020-07-05 11:10:38",pf69snyx,4,0,0,1,5,2,3
7e79tkpdhe,"2020-07-05 11:10:54",pf69snyx,0,0,0,0,5,0,0
ycmkmwxrz7,"2020-07-05 11:11:39",pf69snyx,1,2,1,5,3,1,4
64cfzh7yc2,"2020-07-05 11:12:02",pf69snyx,0,0,0,0,5,0,0
pznyzkart9,"2020-07-05 11:13:02",pf69snyx,2,3,0,5,3,3,4
psdctnxc1r,"2020-07-05 11:13:03",pf69snyx,0,0,0,0,5,0,0
xc1ta9x1nn,"2020-07-05 11:14:51",pf69snyx,0,0,0,0,5,0,0
p31ep27f4h,"2020-07-05 11:15:31",pf69snyx,3,0,0,4,5,0,0
tkcea2ddtk,"2020-07-05 11:15:40",pf69snyx,1,1,4,1,5,1,1
t7m9dxdx44,"2020-07-05 11:17:05",pf69snyx,0,0,0,0,4,0,4
xw4fwrymch,"2020-07-05 11:17:05",pf69snyx,0,0,0,0,5,0,0
c5szcwn347,"2020-07-05 11:17:09",pf69snyx,0,0,0,5,0,0,0
cfz7x4f43p,"2020-07-05 11:17:50",pf69snyx,0,0,0,0,5,0,0
zfps6a6d44,"2020-07-05 11:18:36",pf69snyx,0,0,0,0,5,0,0
323a661711,"2020-07-05 11:19:04",pf69snyx,0,2,0,5,1,0,5
1nky4sryxn,"2020-07-05 11:20:01",pf69snyx,1,4,0,5,0,0,5
an62x3zfak,"2020-07-05 11:21:39",pf69snyx,0,0,0,0,5,0,0
44wxcpnrke,"2020-07-05 11:21:47",pf69snyx,0,0,0,0,5,0,0
e6711f23e6,"2020-07-05 11:22:06",pf69snyx,0,0,0,0,5,0,0
ztyzps2azf,"2020-07-05 11:22:27",pf69snyx,3,1,1,2,5,1,1
t4xp7dkzx1,"2020-07-05 11:23:08",pf69snyx,0,0,0,0,5,0,0
s39s5nn7te,"2020-07-05 11:23:56",pf69snyx,0,0,0,0,5,0,0
xzzetpkts3,"2020-07-05 11:23:57",pf69snyx,0,0,0,0,5,0,0
76ezkmpd35,"2020-07-05 11:24:00",pf69snyx,0,0,0,0,5,0,0
wm9rd1w36f,"2020-07-05 11:24:10",pf69snyx,0,0,0,0,5,0,0
4xcpf4mfax,"2020-07-05 11:24:45",pf69snyx,0,2,1,4,3,5,5
wp2k4kp3ns,"2020-07-05 11:25:07",pf69snyx,1,0,0,0,5,0,0
1aecnc6f5m,"2020-07-05 11:25:37",pf69snyx,1,3,0,0,5,0,0
madpxxz17c,"2020-07-05 11:26:08",pf69snyx,1,1,1,5,5,3,3
5pekw1xd49,"2020-07-05 11:26:10",pf69snyx,0,1,0,0,5,1,1
pmmhkmfhfs,"2020-07-05 11:26:43",pf69snyx,2,1,3,1,5,1,1
5skff7kr74,"2020-07-05 11:26:55",pf69snyx,0,0,0,0,5,0,0
45ktnhe9rn,"2020-07-05 11:27:07",pf69snyx,0,0,0,0,5,0,0
nm3xp9x5td,"2020-07-05 11:27:42",pf69snyx,0,0,3,0,5,2,0
9x25shxhhk,"2020-07-05 11:27:44",pf69snyx,0,0,0,1,5,0,0
x4s4ymz57w,"2020-07-05 11:28:01",pf69snyx,2,3,2,1,5,3,0
97nemsr47d,"2020-07-05 11:28:19",pf69snyx,0,0,0,0,5,0,0
9w34aac5a1,"2020-07-05 11:29:02",pf69snyx,1,0,3,0,5,0,0
2ckayn69mx,"2020-07-05 11:29:28",pf69snyx,0,0,2,0,5,0,0
p4w2ccw2c9,"2020-07-05 11:29:40",pf69snyx,0,3,4,0,5,0,0
x117x4txn1,"2020-07-05 11:30:02",pf69snyx,0,0,0,0,5,0,0
ydth197t6m,"2020-07-05 11:30:11",pf69snyx,0,0,0,0,5,0,2
snad1xmd63,"2020-07-05 11:30:29",pf69snyx,0,0,0,0,5,0,0
fd2srw2p5n,"2020-07-05 11:30:57",pf69snyx,0,0,0,0,5,0,0
kcrexxhfd1,"2020-07-05 11:31:08",pf69snyx,0,0,0,0,5,0,0
dc51zx5p17,"2020-07-05 11:31:13",pf69snyx,2,0,2,3,5,3,1
w77xdmpth9,"2020-07-05 11:31:20",pf69snyx,0,0,0,0,5,0,0
ywy6e5ytrs,"2020-07-05 11:32:00",pf69snyx,0,0,0,5,5,0,0
2p1mwsn661,"2020-07-05 11:32:01",pf69snyx,0,0,0,0,5,0,0
k46cyp2rye,"2020-07-05 11:32:20",pf69snyx,1,1,1,1,5,1,1
1k44yfetry,"2020-07-05 11:33:40",pf69snyx,0,0,0,0,5,0,0
27psdd5cws,"2020-07-05 11:33:55",pf69snyx,1,2,1,3,5,3,1
w52r1rk5ed,"2020-07-05 11:34:20",pf69snyx,0,0,1,0,5,0,0
dx6p1spxfm,"2020-07-05 11:34:59",pf69snyx,0,0,0,0,5,0,0
fz4dwk1kay,"2020-07-05 11:35:27",pf69snyx,0,0,0,5,0,0,2
f9s6cnmey2,"2020-07-05 11:38:12",pf69snyx,0,0,0,2,5,0,4
x73k4fxra6,"2020-07-05 11:38:23",pf69snyx,0,3,0,4,0,0,3
e7w6era5zw,"2020-07-05 11:42:08",pf69snyx,0,0,0,0,5,0,0
tz1yay3936,"2020-07-05 11:42:48",pf69snyx,0,0,0,0,5,0,0
22mtk1pw24,"2020-07-05 11:43:39",pf69snyx,0,3,0,5,0,0,3
zs37nf7m23,"2020-07-05 11:43:48",pf69snyx,0,1,0,3,5,1,2
em3k4tadz1,"2020-07-05 11:44:17",pf69snyx,0,0,0,0,5,0,0
aawn3mf1r3,"2020-07-05 11:45:09",pf69snyx,0,1,2,3,5,0,0
fw7f45cpd7,"2020-07-05 11:46:46",pf69snyx,0,2,0,4,0,0,5
yd2c6a2hak,"2020-07-05 11:46:54",pf69snyx,0,0,0,0,0,1,0
n9swtsc9m2,"2020-07-05 11:47:31",pf69snyx,0,0,0,0,5,0,0
329emwrmz6,"2020-07-05 11:49:31",pf69snyx,1,3,0,5,2,0,2
e4npew99ed,"2020-07-05 11:52:07",pf69snyx,0,0,0,0,5,0,0
cempd156r4,"2020-07-05 11:52:22",pf69snyx,3,0,4,0,4,0,1
yhce17hyee,"2020-07-05 11:53:12",pf69snyx,5,0,5,0,0,0,0
nr25s2cd1w,"2020-07-05 11:56:08",pf69snyx,0,0,0,0,5,0,0
3dk1dce71h,"2020-07-05 11:56:22",pf69snyx,0,0,0,0,5,0,0
m6xyrh23zp,"2020-07-05 11:56:52",pf69snyx,0,0,0,0,5,0,0
9x1d3des6f,"2020-07-05 11:57:14",pf69snyx,0,0,0,0,5,0,0
37adye1c3s,"2020-07-05 11:59:14",pf69snyx,0,0,0,0,5,0,0
xs4pnwf2ny,"2020-07-05 11:59:23",pf69snyx,0,0,1,0,5,0,0
d91nwt1351,"2020-07-05 12:00:04",pf69snyx,3,0,2,3,5,0,0
7344nk7dte,"2020-07-05 12:02:14",pf69snyx,0,0,0,0,5,0,0
x2nxhm1cfp,"2020-07-05 12:09:32",pf69snyx,0,0,0,0,5,0,0
245ww17dp2,"2020-07-05 12:11:25",pf69snyx,0,0,0,0,5,0,0
fanm1smd5y,"2020-07-05 12:13:00",pf69snyx,0,0,0,0,5,0,0
xs4ttez5p4,"2020-07-05 12:13:08",pf69snyx,0,2,0,5,0,3,3
3kx77ymr99,"2020-07-05 12:13:45",pf69snyx,0,0,4,0,5,0,0
wa5p772194,"2020-07-05 12:14:28",pf69snyx,0,0,0,0,5,0,0
daph33kkpt,"2020-07-05 12:17:21",pf69snyx,2,0,3,0,5,0,0
6ah2fkpnsy,"2020-07-05 12:17:43",pf69snyx,0,4,0,5,1,1,2
rwrty554ey,"2020-07-05 12:21:04",pf69snyx,0,0,0,0,5,0,0
272rarnp6m,"2020-07-05 12:25:10",pf69snyx,0,0,0,0,5,0,0
yx141xrhcx,"2020-07-05 12:28:35",pf69snyx,0,0,0,0,5,0,0
antps5d6nk,"2020-07-05 12:33:29",pf69snyx,3,0,3,0,5,0,0
wnffc2dshh,"2020-07-05 12:33:55",pf69snyx,0,0,0,0,5,0,0
wsydnmaey1,"2020-07-05 12:35:05",pf69snyx,0,0,0,0,5,0,0
6acx2449c6,"2020-07-05 12:36:55",pf69snyx,0,0,0,0,5,0,0
tms7hnc1az,"2020-07-05 12:37:35",pf69snyx,0,0,0,0,5,0,0
f4hdkhykrz,"2020-07-05 12:38:03",pf69snyx,2,0,3,1,5,0,0
5ct1tytrd1,"2020-07-05 12:38:23",pf69snyx,0,0,0,0,5,0,0
5r9na1em5p,"2020-07-05 12:40:46",pf69snyx,1,0,2,0,4,0,0
z2ptfae5e1,"2020-07-05 12:41:02",pf69snyx,0,0,0,0,5,0,0
129n6srdfm,"2020-07-05 12:41:23",pf69snyx,0,1,0,2,5,0,0
pdc91fxxk6,"2020-07-05 12:44:25",pf69snyx,0,2,0,4,0,0,5
hx56yp91rh,"2020-07-05 12:47:52",pf69snyx,1,0,3,0,5,0,0
txmfywe5m2,"2020-07-05 12:56:58",pf69snyx,0,3,0,5,2,1,3
4kz67kd5c9,"2020-07-05 12:57:13",pf69snyx,0,0,0,3,5,4,2
9yk1fer7ha,"2020-07-05 12:58:59",pf69snyx,1,0,0,3,5,3,3
m1efh3zxas,"2020-07-05 13:02:08",pf69snyx,0,0,0,0,5,0,0
e4wchs96tk,"2020-07-05 13:05:03",pf69snyx,0,0,1,0,5,2,0
eyym4za1f4,"2020-07-05 13:06:20",pf69snyx,0,0,0,0,5,0,0
9n4s9zaae2,"2020-07-05 13:10:38",pf69snyx,0,0,3,0,5,0,0
kztfdmhrff,"2020-07-05 13:12:52",pf69snyx,0,0,2,0,5,2,0
yze555tw2r,"2020-07-05 13:18:14",pf69snyx,0,0,1,2,5,2,2
kd622sf1ys,"2020-07-05 13:19:31",pf69snyx,0,0,3,0,5,0,0
rfrketss5m,"2020-07-05 13:22:09",pf69snyx,2,1,3,2,5,0,1
czcmher1e7,"2020-07-05 13:22:20",pf69snyx,0,0,0,0,5,0,0
n1w3m4krz3,"2020-07-05 13:27:42",pf69snyx,0,0,0,0,5,0,0
df5ap9eap2,"2020-07-05 13:28:49",pf69snyx,0,0,0,0,5,0,0
d4aszfxm6w,"2020-07-05 13:31:19",pf69snyx,1,0,0,3,5,2,0
s3zf9wr2xm,"2020-07-05 13:34:34",pf69snyx,0,0,0,0,5,0,0
9h4nfts7z3,"2020-07-05 13:36:52",pf69snyx,3,2,0,5,1,1,4
npr4fz4399,"2020-07-05 13:39:21",pf69snyx,0,0,0,0,5,2,2
w9ktze5t3x,"2020-07-05 13:45:57",pf69snyx,0,0,0,0,5,0,0
cz44y5r12p,"2020-07-05 13:47:12",pf69snyx,0,2,0,4,0,0,5
7zyf7aenm9,"2020-07-05 13:53:13",pf69snyx,0,0,0,0,5,0,0
h2ar72xfkc,"2020-07-05 14:00:10",pf69snyx,0,0,3,0,5,0,0
69w53724cn,"2020-07-05 14:00:57",pf69snyx,0,0,2,0,4,0,0
ye21he1p6s,"2020-07-05 14:03:52",pf69snyx,0,0,0,3,5,0,2
tdcwt25h9c,"2020-07-05 14:06:52",pf69snyx,0,0,0,5,0,0,0
74atrcwn7k,"2020-07-05 14:07:14",pf69snyx,1,0,4,0,5,0,0
5rtzpc6rfz,"2020-07-05 14:09:40",pf69snyx,0,0,0,0,5,0,0
e9rtd69yhk,"2020-07-05 14:12:25",pf69snyx,0,0,0,0,5,0,0
r5nzzcda77,"2020-07-05 14:13:21",pf69snyx,0,0,4,0,1,0,0
c9hpzcnrdd,"2020-07-05 14:14:11",pf69snyx,3,1,3,3,5,3,1
cs2hya9r1y,"2020-07-05 14:16:15",pf69snyx,1,0,0,0,5,1,0
pa6pc2n7k3,"2020-07-05 14:17:42",pf69snyx,4,0,5,0,5,0,0
dz2s2436nd,"2020-07-05 14:21:57",pf69snyx,0,5,0,5,0,0,5
7dx51dzk3y,"2020-07-05 14:21:58",pf69snyx,0,0,0,0,5,1,0
x6arp23tht,"2020-07-05 14:22:56",pf69snyx,0,0,0,0,5,0,0
92kmnfa641,"2020-07-05 14:23:59",pf69snyx,2,0,0,5,3,0,0
da7h5d4smn,"2020-07-05 14:25:00",pf69snyx,0,1,1,0,5,0,0
y9se9xxzk5,"2020-07-05 14:26:11",pf69snyx,0,0,0,0,5,0,0
7m346hs4zc,"2020-07-05 14:28:18",pf69snyx,0,5,0,0,0,0,0
6rpmearm16,"2020-07-05 14:28:56",pf69snyx,3,1,3,2,5,2,1
94hdz2desd,"2020-07-05 14:31:26",pf69snyx,0,0,0,0,5,0,0
3wtsh47cxf,"2020-07-05 14:31:28",pf69snyx,0,0,3,0,5,0,0
cxe49f3str,"2020-07-05 14:36:26",pf69snyx,0,0,0,2,1,3,5
w3yfk7s2rz,"2020-07-05 14:42:48",pf69snyx,0,0,0,3,5,1,0
xcwn36km6z,"2020-07-05 14:54:36",pf69snyx,0,0,0,0,5,0,0
ddm67ksnnm,"2020-07-05 15:05:04",pf69snyx,0,0,0,0,5,3,3
my5665fkcd,"2020-07-05 15:06:20",pf69snyx,0,0,0,0,5,0,0
z1ttmss3mr,"2020-07-05 15:13:45",pf69snyx,0,0,0,0,5,0,0
na3nyakcy7,"2020-07-05 15:25:52",pf69snyx,0,0,0,0,5,0,0
cxw1exfwzr,"2020-07-05 15:32:32",pf69snyx,0,0,0,0,5,0,0
st6xydx465,"2020-07-05 15:34:02",pf69snyx,1,0,0,4,5,2,3
a72mmmt16h,"2020-07-05 15:42:41",pf69snyx,0,0,0,0,5,0,0
eantem1fkk,"2020-07-05 15:43:12",pf69snyx,0,0,0,0,5,0,0
hw3z25ymys,"2020-07-05 15:49:57",pf69snyx,0,2,0,4,0,0,5
h7mpk2rf6e,"2020-07-05 15:51:53",pf69snyx,0,0,0,0,5,3,3
xrhdksrh3d,"2020-07-05 15:58:25",pf69snyx,0,0,0,0,5,0,0
mpp3rhsyta,"2020-07-05 16:08:42",pf69snyx,0,0,0,0,5,0,0
65shkss65z,"2020-07-05 16:13:06",pf69snyx,0,0,0,0,5,0,0
7rre471t7p,"2020-07-05 16:21:31",pf69snyx,0,0,0,0,5,0,0
134khncaaw,"2020-07-05 16:21:36",pf69snyx,0,0,3,0,5,0,0
y6k5pkztxa,"2020-07-05 16:22:02",pf69snyx,0,0,0,0,5,2,2
ah4fe4hnnw,"2020-07-05 16:29:33",pf69snyx,0,0,0,0,5,0,0
4p46z9ayhz,"2020-07-05 16:47:03",pf69snyx,2,0,1,0,5,0,0
pdrk6p6z19,"2020-07-05 16:51:10",pf69snyx,0,0,0,0,5,0,0
yws4ra691n,"2020-07-05 16:51:22",pf69snyx,3,1,1,5,1,1,3
d4n324etwz,"2020-07-05 16:58:55",pf69snyx,0,0,0,5,2,2,3
wzm3ps7rkn,"2020-07-05 17:01:22",pf69snyx,0,0,0,0,5,0,0
stk6rfspah,"2020-07-05 17:08:25",pf69snyx,0,0,1,0,5,2,1
1kwtcep2fs,"2020-07-05 17:16:58",pf69snyx,0,0,0,0,5,0,0
zrymd9776w,"2020-07-05 17:18:40",pf69snyx,0,0,0,0,5,0,0
2nnx3r5rst,"2020-07-05 17:41:15",pf69snyx,0,0,0,0,5,0,0
d1srchxf5a,"2020-07-05 17:43:16",pf69snyx,0,0,0,0,5,0,0
aefcas9rfc,"2020-07-05 17:44:52",pf69snyx,0,0,0,0,5,0,0
zyktda746s,"2020-07-05 17:48:14",pf69snyx,2,0,0,3,5,3,3
773tx5asx2,"2020-07-05 18:01:43",pf69snyx,0,0,0,0,5,0,0
n7drd12236,"2020-07-05 18:42:11",pf69snyx,0,0,0,0,5,0,0
1kw2wyzc56,"2020-07-05 18:49:42",pf69snyx,0,0,0,0,5,1,5
5yezxwp7ap,"2020-07-05 19:22:44",pf69snyx,0,0,0,0,5,0,0
rrn53sk6z5,"2020-07-05 19:29:24",pf69snyx,0,0,0,0,5,0,0
2ae7kyzdda,"2020-07-05 19:35:11",pf69snyx,0,0,0,0,5,0,0
5sh5hwdfw9,"2020-07-05 19:54:41",pf69snyx,3,2,2,3,5,3,2
73a3f5hazk,"2020-07-05 19:58:49",pf69snyx,4,0,2,0,5,0,0
fnaafh553d,"2020-07-05 19:58:51",pf69snyx,0,0,0,0,5,0,0
axtpm5t7tw,"2020-07-05 20:01:31",pf69snyx,0,0,0,0,5,0,0
d2xxfna2x9,"2020-07-05 20:04:53",pf69snyx,0,0,0,0,5,0,0
2k5t2a7224,"2020-07-05 20:09:09",pf69snyx,1,0,0,3,5,4,2
947wf4cwr1,"2020-07-05 20:09:12",pf69snyx,0,0,0,0,5,0,0
ds1trrzc35,"2020-07-05 20:16:40",pf69snyx,1,3,0,5,2,5,4
xys9fwm4e7,"2020-07-05 20:17:42",pf69snyx,0,0,0,0,5,0,0
m45fs57sa3,"2020-07-05 20:23:43",pf69snyx,0,0,0,0,5,0,0
1rfcrm6eap,"2020-07-05 20:44:37",pf69snyx,0,0,1,0,5,0,0
e2nrz7n72a,"2020-07-05 20:49:14",pf69snyx,0,0,0,0,5,0,0
t4tw9p33nt,"2020-07-05 20:49:48",pf69snyx,2,0,0,1,5,1,1
2ck1ys9e7h,"2020-07-05 21:22:59",pf69snyx,0,0,0,0,5,0,4
wz2kh3phmw,"2020-07-05 21:24:20",pf69snyx,0,0,0,0,5,0,0
ersxddzdzt,"2020-07-05 21:30:43",pf69snyx,1,0,1,0,5,0,0
99hfykxan2,"2020-07-05 21:35:20",pf69snyx,0,0,0,0,5,0,0
cfd9ckyy79,"2020-07-05 21:39:29",pf69snyx,0,1,0,5,0,4,3
6xak966r76,"2020-07-05 21:44:18",pf69snyx,2,0,0,2,5,4,4
1nywz66dpw,"2020-07-05 21:45:00",pf69snyx,0,0,0,0,5,0,0
kf461awfkt,"2020-07-05 21:48:43",pf69snyx,0,0,3,0,5,3,1
77etnp74t7,"2020-07-05 21:53:55",pf69snyx,0,0,0,0,5,0,0
3xs9wy1c4w,"2020-07-05 21:55:38",pf69snyx,1,3,1,5,1,1,4
9a75wnataf,"2020-07-05 22:01:49",pf69snyx,1,1,1,2,5,1,1
ahth6rtfh5,"2020-07-05 22:06:04",pf69snyx,2,0,0,2,5,1,1
namh3ph4df,"2020-07-05 22:12:30",pf69snyx,0,0,0,0,5,0,0
a5ny2s3mdc,"2020-07-05 22:16:45",pf69snyx,1,2,0,3,0,4,5
nf3m664n7h,"2020-07-05 22:17:02",pf69snyx,0,0,0,0,5,3,0
51r7xtc6nf,"2020-07-05 22:28:17",pf69snyx,2,0,0,0,5,0,0
3ctnhd67ax,"2020-07-05 23:31:27",pf69snyx,1,3,1,2,2,2,3
dt9nkap4h4,"2020-07-05 23:32:37",pf69snyx,0,0,0,0,5,0,0
95sk4t964h,"2020-07-06 00:12:03",pf69snyx,0,0,0,0,5,0,0
snfh39zmdy,"2020-07-06 00:38:04",pf69snyx,0,0,0,0,5,0,0
py2ctyfycr,"2020-07-06 01:11:02",pf69snyx,0,0,0,0,5,0,0
wce9y3d5a9,"2020-07-06 01:25:47",pf69snyx,0,0,0,0,5,0,0
mwfcre59wn,"2020-07-06 01:42:06",pf69snyx,0,0,0,0,5,0,0
kyrsxn4r2z,"2020-07-06 01:45:55",pf69snyx,0,0,3,0,5,0,0
pyye4cwfc4,"2020-07-06 02:02:16",pf69snyx,0,0,4,0,5,0,0
dcrnfy9knk,"2020-07-06 02:33:23",pf69snyx,0,0,0,0,5,0,0
9dhmaazffm,"2020-07-06 02:35:51",pf69snyx,0,0,0,0,5,0,0
7tf3231wz6,"2020-07-06 03:17:29",pf69snyx,0,2,0,0,5,0,0
ckyc6k4rtn,"2020-07-06 03:27:42",pf69snyx,1,1,1,2,5,2,1
6wahxzf729,"2020-07-06 03:40:59",pf69snyx,0,0,0,0,5,0,0
yxd4pkmze1,"2020-07-06 03:42:55",pf69snyx,0,0,0,0,5,0,0
w5ahrh1my1,"2020-07-06 04:55:20",pf69snyx,0,0,0,0,5,0,0
5p4xy4ee4x,"2020-07-06 05:01:21",pf69snyx,0,0,0,4,5,2,2
6p597tpfs1,"2020-07-06 05:25:26",pf69snyx,0,0,3,0,5,1,0
xedfhanr6a,"2020-07-06 05:36:10",pf69snyx,0,2,0,0,0,4,5
prcdzhk7w7,"2020-07-06 05:39:23",pf69snyx,0,0,0,0,5,0,0
46h54pdy9a,"2020-07-06 05:47:01",pf69snyx,0,0,0,0,5,0,0
fd2wey26f1,"2020-07-06 05:51:12",pf69snyx,0,5,0,3,0,0,1
w5mc9txers,"2020-07-06 06:16:33",pf69snyx,0,2,0,0,5,0,0
kd1mzyh3h9,"2020-07-06 06:23:18",pf69snyx,0,0,0,0,5,0,0
czsfzc94h4,"2020-07-06 06:23:25",pf69snyx,2,2,2,3,4,2,0
xx7nw4yn2p,"2020-07-06 06:27:17",pf69snyx,0,2,3,0,4,0,0
f9k33fmad4,"2020-07-06 06:35:11",pf69snyx,0,3,0,0,1,2,0
h5a9k2hfmc,"2020-07-06 06:36:02",pf69snyx,0,5,0,0,0,0,0
6xwndk2f33,"2020-07-06 06:43:17",pf69snyx,0,1,0,5,0,0,3
dke3hz9dt4,"2020-07-06 06:44:52",pf69snyx,0,0,0,0,5,0,0
nkam9tctdf,"2020-07-06 06:58:23",pf69snyx,0,0,0,0,5,0,0
2hhfhzm6a7,"2020-07-06 07:00:47",pf69snyx,2,0,0,4,5,1,3
p7fx724efs,"2020-07-06 07:10:30",pf69snyx,0,0,0,0,5,3,0
afsrc33esw,"2020-07-06 07:14:17",pf69snyx,0,1,0,2,0,0,5
76xz255nzz,"2020-07-06 07:23:12",pf69snyx,0,0,0,0,5,0,0
3aw4cpn2xe,"2020-07-06 07:24:31",pf69snyx,0,0,0,0,5,0,0
faxypsr712,"2020-07-06 07:37:06",pf69snyx,0,0,0,0,5,0,0
f4xr3tte1d,"2020-07-06 07:56:27",pf69snyx,0,0,5,1,0,0,0
4a7rtexns6,"2020-07-06 08:11:10",pf69snyx,0,0,0,0,5,0,0
3r7rhfkw1z,"2020-07-06 08:16:41",pf69snyx,1,1,0,3,5,3,2
ntwk3pp5d4,"2020-07-06 08:16:47",pf69snyx,0,0,0,0,5,0,0
cwnp9eff6m,"2020-07-06 08:25:15",pf69snyx,0,0,0,0,5,0,0
x2ydftwyfn,"2020-07-06 08:36:33",pf69snyx,0,0,0,0,5,0,0
pnx23e977n,"2020-07-06 08:40:24",pf69snyx,0,0,0,4,5,4,0
3ypcesrz4h,"2020-07-06 08:41:05",pf69snyx,0,0,0,0,5,0,0
rtrz6cacy2,"2020-07-06 08:41:05",pf69snyx,0,0,0,0,5,0,0
t3dy7pw92w,"2020-07-06 08:43:26",pf69snyx,0,0,2,2,5,0,2
zt22rcaw66,"2020-07-06 08:44:04",pf69snyx,0,0,0,0,5,0,0
ttsh4f4tw3,"2020-07-06 08:47:02",pf69snyx,0,0,3,0,5,0,0
71fy36ffh5,"2020-07-06 08:47:32",pf69snyx,0,0,0,2,5,4,0
nn5xmzh21m,"2020-07-06 08:49:11",pf69snyx,0,0,0,0,5,0,0
p4adhkwff9,"2020-07-06 08:49:37",pf69snyx,0,0,0,0,5,0,0
ty7srwerdf,"2020-07-06 08:52:50",pf69snyx,3,0,0,3,5,1,0
htanym69ya,"2020-07-06 08:58:57",pf69snyx,0,0,3,2,5,1,1
ss6dzas4z3,"2020-07-06 09:16:38",pf69snyx,0,0,0,0,5,0,0
c52y2m2ryc,"2020-07-06 09:20:20",pf69snyx,0,0,0,0,5,0,0
3rz997c1nk,"2020-07-06 09:23:20",pf69snyx,2,0,0,1,5,0,0
954ma93ash,"2020-07-06 09:25:01",pf69snyx,0,0,0,2,5,2,3
whfs5kcpmp,"2020-07-06 09:40:12",pf69snyx,0,0,0,0,5,0,0
74dkxk253p,"2020-07-06 09:43:41",pf69snyx,0,0,0,0,5,0,0
4p9352d5ft,"2020-07-06 10:17:34",pf69snyx,1,1,1,0,5,0,3
2f9h944m9e,"2020-07-06 10:25:54",pf69snyx,0,0,0,0,5,0,0
p9dhwzxx59,"2020-07-06 10:27:52",pf69snyx,1,0,4,0,5,0,0
c4pxe7wp5z,"2020-07-06 10:31:49",pf69snyx,0,0,0,0,5,2,0
c1aas7w3es,"2020-07-06 11:16:12",pf69snyx,5,4,2,0,1,3,0
ke613ps6wc,"2020-07-06 11:44:12",pf69snyx,0,0,0,0,5,0,0
sdprh6y211,"2020-07-06 13:06:21",pf69snyx,0,1,0,3,5,1,1
53t146mwyd,"2020-07-06 13:10:08",pf69snyx,3,0,1,3,5,0,0
r2ewehmxyk,"2020-07-06 13:32:23",pf69snyx,0,0,0,0,5,0,0
rx5fxe27mt,"2020-07-06 14:14:06",pf69snyx,0,0,0,0,5,0,0
36n6wtsmkd,"2020-07-06 14:41:01",pf69snyx,1,0,0,0,5,3,0
5te9hme2ds,"2020-07-06 14:44:19",pf69snyx,0,0,0,0,5,0,0
kfxnth193m,"2020-07-06 14:54:16",pf69snyx,0,0,0,0,5,0,0
cfpnm3mepp,"2020-07-06 15:21:15",pf69snyx,0,1,0,0,5,2,0
r5ea31kkdh,"2020-07-06 15:22:58",pf69snyx,0,0,0,0,5,0,0
xayp1hk91s,"2020-07-06 16:21:27",pf69snyx,2,0,0,2,5,3,3
kr1rz5pdhx,"2020-07-06 16:28:39",pf69snyx,0,0,0,0,5,0,0
4dpe7d6a9t,"2020-07-06 17:13:44",pf69snyx,0,0,0,0,5,0,0
9kk24tac9x,"2020-07-06 17:21:09",pf69snyx,0,1,0,0,2,5,4
ahwr1tac23,"2020-07-06 17:47:59",pf69snyx,0,0,0,0,4,2,3
a69dff1da5,"2020-07-06 17:58:26",pf69snyx,2,0,3,1,5,0,0
c9a6dyp3yk,"2020-07-06 18:05:17",pf69snyx,0,0,0,0,5,0,0
neentey5ny,"2020-07-06 18:36:12",pf69snyx,0,0,0,0,0,5,5
z4extf9wx6,"2020-07-06 19:35:25",pf69snyx,0,0,5,0,0,0,0
tdrrk3tezn,"2020-07-06 20:11:42",pf69snyx,0,0,0,0,5,0,0
x2kar4hd9d,"2020-07-06 22:01:24",pf69snyx,0,0,0,0,5,0,0
3ddwhmn9kp,"2020-07-06 22:22:07",pf69snyx,0,0,0,0,5,0,0
xz3sm6xyx7,"2020-07-06 23:15:59",pf69snyx,0,0,0,0,5,0,0
rkhx674aa3,"2020-07-07 00:59:00",pf69snyx,1,0,3,0,5,0,0
71msmhzdmt,"2020-07-07 01:39:30",pf69snyx,0,2,0,5,0,3,1
3kawf746h9,"2020-07-07 04:20:25",pf69snyx,0,0,5,0,0,0,0
tkfpwdzzfc,"2020-07-07 05:56:02",pf69snyx,0,0,0,0,5,0,0
syhfnpahfe,"2020-07-07 06:10:49",pf69snyx,1,0,5,2,0,0,0
ezkt47esx7,"2020-07-07 06:12:44",pf69snyx,0,1,0,3,0,4,5
xt92p64t9w,"2020-07-07 07:28:46",pf69snyx,0,0,0,0,5,0,0
w3whkt6hpe,"2020-07-07 07:34:02",pf69snyx,0,0,0,1,5,0,0
d9mp7nxxhe,"2020-07-07 08:28:23",pf69snyx,0,0,1,4,5,3,2
6wmmse9zft,"2020-07-07 08:29:34",pf69snyx,3,0,0,0,5,0,0
5sy5shfxnr,"2020-07-07 08:46:47",pf69snyx,0,0,0,0,5,0,2
c665cwncpn,"2020-07-07 09:11:12",pf69snyx,0,0,0,0,5,0,0
nss946r3nm,"2020-07-07 09:51:23",pf69snyx,0,0,0,0,5,0,0
7ahth4c669,"2020-07-07 10:08:13",pf69snyx,0,0,0,5,5,0,0
5794t294yp,"2020-07-07 10:31:49",pf69snyx,0,0,0,0,5,0,0
ahzx42t1d6,"2020-07-07 10:32:48",pf69snyx,0,0,0,0,5,0,0
4tkaz9escm,"2020-07-07 11:03:51",pf69snyx,0,0,0,0,5,0,0
kenxexamhz,"2020-07-07 11:31:03",pf69snyx,0,5,0,1,0,0,0
m9t1mrs2dp,"2020-07-07 11:49:37",pf69snyx,0,0,0,0,5,0,0
e9d542rmsa,"2020-07-07 13:09:32",pf69snyx,0,0,0,0,5,0,0
fz5z194sx9,"2020-07-07 13:18:57",pf69snyx,1,0,1,2,5,0,0
z9p7n21ys5,"2020-07-07 14:16:15",pf69snyx,0,0,1,0,5,0,0
2cnm6k3rmk,"2020-07-07 15:03:12",pf69snyx,5,4,0,1,4,1,3
h5pph3cyx9,"2020-07-07 15:08:25",pf69snyx,0,3,0,4,2,4,5
awwxy1rmx9,"2020-07-07 15:29:22",pf69snyx,1,2,0,5,0,3,1
fknyyncta5,"2020-07-07 15:30:20",pf69snyx,0,4,0,0,1,0,0
fr6acc13y1,"2020-07-07 15:55:19",pf69snyx,0,0,1,0,5,2,0
thnpne7242,"2020-07-07 16:07:06",pf69snyx,0,0,0,0,5,0,0
cwzhrhtztw,"2020-07-07 16:53:48",pf69snyx,1,0,2,1,5,3,1
w3azha4nn6,"2020-07-07 17:21:19",pf69snyx,0,0,0,0,5,0,2
33m7n26m1r,"2020-07-07 18:22:08",pf69snyx,2,0,0,3,5,2,2
h31rksefsm,"2020-07-07 21:47:36",pf69snyx,0,0,0,1,5,1,1
72hf1wys1p,"2020-07-07 21:54:15",pf69snyx,0,0,0,3,5,0,0
ahphna73y5,"2020-07-08 00:36:15",pf69snyx,0,0,0,0,5,0,0
165r77anmc,"2020-07-08 03:31:53",pf69snyx,0,0,0,0,5,0,0
e4w93te5ew,"2020-07-08 04:55:19",pf69snyx,0,3,0,0,4,0,0
y6y7424ewp,"2020-07-08 06:38:46",pf69snyx,1,4,0,5,1,3,3
2xshteyyc6,"2020-07-08 08:18:39",pf69snyx,0,0,0,0,5,0,0
ndxe6wd3yf,"2020-07-08 10:14:39",pf69snyx,0,1,0,3,5,2,3
z521mkdc59,"2020-07-08 10:33:40",pf69snyx,3,1,2,5,3,5,5
fyaeszd3cp,"2020-07-08 11:38:05",pf69snyx,0,0,0,0,5,0,0
rw547csn7a,"2020-07-08 14:06:45",pf69snyx,0,0,5,0,0,0,0
2rpxt4yw3x,"2020-07-08 19:17:30",pf69snyx,0,0,0,0,5,0,0
mm2nn4edce,"2020-07-09 01:08:57",pf69snyx,0,0,0,0,5,0,0
c564nz6ftt,"2020-07-09 06:54:37",pf69snyx,2,1,0,4,5,1,2
fra6s4643z,"2020-07-09 11:46:08",pf69snyx,1,3,0,1,2,1,5
9z91w5cnwh,"2020-07-09 21:10:22",pf69snyx,0,0,0,0,5,0,0
w9h5651ks4,"2020-07-10 05:21:37",pf69snyx,0,0,0,0,5,0,0
9y4rcdy72c,"2020-07-10 07:56:40",pf69snyx,0,4,0,5,0,0,1
nt43sh9aan,"2020-07-10 12:59:25",pf69snyx,0,5,0,3,0,1,3
927a65y5e2,"2020-07-10 23:21:16",pf69snyx,3,0,0,0,5,0,1
15242chhhr,"2020-07-11 14:24:01",pf69snyx,2,0,5,3,2,0,0
ck3ader1z3,"2020-07-12 18:26:52",pf69snyx,0,0,0,0,0,0,0
5n1644afya,"2020-07-13 00:09:12",pf69snyx,0,0,0,0,5,0,0
xas94r9aen,"2020-07-13 02:40:04",pf69snyx,0,0,5,0,0,0,0
6krats2kcn,"2020-07-13 08:55:54",pf69snyx,3,0,0,5,1,2,4
dw4sc6r9zx,"2020-07-13 09:50:16",pf69snyx,0,0,0,0,5,0,0
h9724e14yh,"2020-07-14 00:03:52",pf69snyx,0,2,0,3,0,5,5
hdxk1fhhdk,"2020-07-16 17:34:22",pf69snyx,0,1,0,2,5,0,0
31xs4933mp,"2020-07-17 05:48:32",pf69snyx,0,4,0,3,0,5,5
wwxtw34fw2,"2020-07-17 16:19:54",pf69snyx,0,3,1,5,4,0,2
mr45a39nya,"2020-07-19 12:23:07",pf69snyx,0,0,5,0,4,0,0
mdek1e4et7,"2020-07-19 13:22:01",pf69snyx,0,0,5,0,0,0,0
yktkpc7cz6,"2020-07-19 16:10:09",pf69snyx,0,0,5,0,0,0,0
9d37zyra6h,"2020-07-19 18:28:06",pf69snyx,1,1,5,1,1,1,1
k5155ard5d,"2020-07-20 02:38:04",pf69snyx,0,0,5,0,0,0,0
npw4pc7zk5,"2020-07-20 10:23:35",pf69snyx,0,0,5,0,0,0,0
nz166dsk2p,"2020-07-20 13:28:26",pf69snyx,0,0,5,0,0,0,0
ptnsfn373n,"2020-07-20 13:56:38",pf69snyx,0,3,0,4,1,2,5
9d9nne1sax,"2020-07-20 20:40:13",pf69snyx,0,0,0,3,1,3,5
1fm9yn1596,"2020-07-20 21:52:03",pf69snyx,0,0,5,0,0,0,0
f7apa1prmx,"2020-07-21 08:57:09",pf69snyx,0,0,5,0,0,0,0
kfpxe5ypmz,"2020-07-21 15:19:34",pf69snyx,0,0,5,0,0,0,0
4yey7dnr4m,"2020-07-21 20:12:33",pf69snyx,0,0,5,0,0,0,0
tm312asa27,"2020-07-21 21:57:20",pf69snyx,0,0,5,0,0,0,0
adw7mrrcfs,"2020-07-22 12:58:48",pf69snyx,0,0,5,0,0,0,0
xe6x4r511c,"2020-07-22 14:01:32",pf69snyx,0,0,5,0,0,0,0
yx6nscrk6r,"2020-07-27 01:21:29",pf69snyx,0,4,0,3,0,0,5
xc37fsm3w5,"2020-07-27 06:27:48",pf69snyx,0,2,0,5,1,3,4
nt3cw5tpx2,"2020-07-27 11:55:57",pf69snyx,0,5,0,4,0,0,5
5femk654m4,"2020-07-27 12:17:34",pf69snyx,0,3,0,5,0,0,4
rk63ch2t54,"2020-07-27 13:35:25",pf69snyx,0,3,0,5,2,0,5
znszmt2awm,"2020-07-28 16:18:29",pf69snyx,0,0,0,3,0,0,5
nhm3f93hx7,"2020-08-01 10:49:06",pf69snyx,0,2,0,5,2,4,4
a7f4w1622w,"2020-08-09 08:28:08",pf69snyx,1,2,2,5,0,0,1
f2xmka549x,"2020-08-10 10:25:01",pf69snyx,0,0,3,0,5,0,0
px4ept9dy9,"2020-08-10 12:11:35",pf69snyx,0,1,0,5,4,2,3
6dr6a1y53c,"2020-08-10 12:18:00",pf69snyx,0,0,0,3,0,4,5
eyarah2y9t,"2020-08-10 15:09:08",pf69snyx,0,2,0,3,1,5,5
a23szkshm2,"2020-08-22 03:22:51",pf69snyx,4,1,5,3,3,2,0
ft6z1zmy29,"2020-08-23 01:12:39",pf69snyx,0,2,0,0,0,0,5
pkp7h6datn,"2020-09-02 00:00:22",pf69snyx,0,4,0,5,3,0,5
dxcfn4taz3,"2020-09-09 11:59:45",pf69snyx,0,3,0,4,0,0,5
37ws4ze99f,"2020-09-12 19:45:16",pf69snyx,1,2,1,3,2,4,5
rr1d1wdfnc,"2020-09-13 00:09:15",pf69snyx,0,2,0,2,0,0,5
ceze3ps7hk,"2020-09-14 19:44:14",pf69snyx,4,2,5,5,4,2,3
wae9xankha,"2020-09-21 10:44:51",pf69snyx,0,0,0,1,0,5,5
f1cs557std,"2020-09-25 19:57:08",pf69snyx,0,5,0,3,1,0,3
cwt94zk46h,"2020-09-28 12:10:32",pf69snyx,1,1,1,3,4,5,5
733ndw9nyw,"2020-10-01 11:12:37",pf69snyx,0,2,1,3,0,4,5
k6p51t2xss,"2020-10-01 12:01:37",pf69snyx,0,1,0,2,0,5,4
z2n24tks96,"2020-10-12 19:49:33",pf69snyx,4,0,0,4,4,1,5
emw4retcah,"2020-10-14 17:51:37",pf69snyx,2,0,0,1,5,1,2
wwy5dkra9f,"2020-10-16 22:26:04",pf69snyx,0,4,0,5,3,3,4
5rkrr1y25p,"2020-10-24 13:33:06",pf69snyx,1,4,0,5,1,5,5
xrp1wt2anx,"2020-10-24 21:39:24",pf69snyx,0,4,0,3,2,0,5
7cswr9nms3,"2020-11-01 12:51:15",pf69snyx,0,3,0,3,0,4,5
ydfra4yzte,"2020-11-01 22:00:09",pf69snyx,0,2,0,4,0,5,5
5c5mdf1hk2,"2020-11-03 12:25:40",pf69snyx,0,2,0,4,1,1,5
4e1z6z2zww,"2020-11-03 14:36:15",pf69snyx,1,4,1,5,3,3,4
tc6es6591p,"2020-11-04 17:28:07",pf69snyx,0,3,0,1,0,0,5
prdr21h719,"2020-11-05 16:50:41",pf69snyx,2,4,0,5,2,5,5
4xhtfae66y,"2020-11-06 09:52:25",pf69snyx,2,0,0,4,4,5,3
dr6ff1ykm9,"2020-11-06 15:38:35",pf69snyx,0,0,0,0,0,5,5
p9yh4ds5se,"2020-11-07 00:09:56",pf69snyx,0,0,1,0,5,0,0
6417d96md7,"2020-11-11 12:21:33",pf69snyx,0,1,0,2,0,5,4
ynftc23prx,"2020-11-12 19:05:50",pf69snyx,0,3,0,4,0,0,5
d51cnkwzcy,"2020-11-15 08:08:23",pf69snyx,0,5,0,4,0,4,4
1nnh4f43tx,"2020-11-15 16:11:04",pf69snyx,0,5,0,4,2,3,4
5re1d3nt27,"2020-11-19 06:46:58",pf69snyx,0,5,0,0,1,0,1
3p1tp7h7d2,"2020-11-22 02:42:58",pf69snyx,2,0,5,5,3,3,2
wmdrrzype5,"2020-12-06 19:32:22",pf69snyx,0,1,0,3,1,5,5
24deww5y3d,"2020-12-10 00:05:06",pf69snyx,1,4,1,3,2,3,5
d3nw3f1nhn,"2020-12-10 07:40:40",pf69snyx,0,5,0,4,1,4,5
f3etsdwy7d,"2020-12-16 06:27:34",pf69snyx,3,3,3,3,1,3,0
t2az146ssd,"2020-12-29 15:12:42",pf69snyx,0,4,0,4,1,4,5
f245fzk5s1,"2021-01-12 11:34:31",pf69snyx,0,5,0,4,0,0,2
fs2x6tc1hm,"2021-01-13 16:52:47",pf69snyx,0,5,0,3,0,0,3
f22r1fsr43,"2021-02-21 00:02:39",pf69snyx,4,0,5,0,0,0,0
a2pzm45fae,"2021-02-24 17:43:34",pf69snyx,0,3,0,4,2,4,3
w1rnhsf9fs,"2021-03-04 12:29:34",pf69snyx,5,4,0,3,3,3,5
pk1azfkww6,"2021-03-04 12:29:45",pf69snyx,1,4,0,0,0,0,5
ctneh56nmw,"2021-03-30 15:37:06",pf69snyx,4,2,5,3,1,2,1
xzmrnp3pna,"2021-03-31 14:09:10",pf69snyx,3,0,0,3,0,5,5
rd6ymwpaxm,"2021-04-01 13:37:55",pf69snyx,0,4,0,0,0,5,5
yd524kre67,"2021-05-05 09:09:28",pf69snyx,0,5,0,5,2,3,5
2zedkmt76f,"2021-05-08 22:43:15",pf69snyx,0,3,1,4,0,0,5
kmr1keha5z,"2021-05-21 23:16:36",pf69snyx,0,3,0,3,1,5,5
56e5c44cey,"2021-05-28 17:27:24",pf69snyx,1,2,1,4,2,5,5
aynfcx21wm,"2021-06-13 12:45:26",pf69snyx,1,4,0,2,1,2,5
6f34s7p14p,"2021-06-15 08:53:58",pf69snyx,2,3,5,4,4,1,3
mhmmc7yw74,"2021-06-30 10:27:54",pf69snyx,0,0,0,0,0,5,5
5366c62s7n,"2021-07-23 18:41:28",pf69snyx,1,1,2,0,3,1,0
t2p1wf9264,"2021-07-24 11:34:53",pf69snyx,1,3,1,3,2,3,4
2kx9tk2z2r,"2021-08-23 14:30:49",pf69snyx,0,0,2,1,5,2,1
43cy1524em,"2021-09-20 21:22:31",pf69snyx,1,0,5,2,3,1,0
ynn3hh1kcc,"2021-09-22 16:35:01",pf69snyx,1,2,0,3,1,5,4
59t4dd1rtt,"2021-10-09 00:28:12",pf69snyx,0,3,0,5,1,0,5
92e37pfysr,"2021-10-28 15:53:43",pf69snyx,0,1,0,3,0,2,5
e2aey1r3dz,"2021-11-20 13:06:49",pf69snyx,2,1,3,1,1,1,2
6wkcwn53ax,"2021-11-29 22:17:07",pf69snyx,0,0,2,5,4,1,1
41d13y3dd5,"2021-11-30 09:14:58",pf69snyx,0,2,0,3,4,4,5
fz1tmd76pt,"2022-02-02 02:56:56",pf69snyx,0,1,0,1,0,5,5
hcn4k4c4s1,"2022-02-09 19:41:18",pf69snyx,0,2,0,1,0,3,5
h3p5691thz,"2022-03-17 12:57:12",pf69snyx,0,2,1,0,1,2,3
a1ndn5facz,"2022-05-05 18:29:49",pf69snyx,0,0,0,0,0,0,5
3rr7dxwmwm,"2022-05-14 09:27:06",pf69snyx,0,5,1,4,0,0,0
kehf9n7sck,"2022-05-20 06:43:34",pf69snyx,0,5,0,1,1,1,4
y3ywmpxpz9,"2022-06-09 10:44:49",pf69snyx,1,5,1,1,2,1,3
729mcw6sw3,"2022-06-25 08:55:30",pf69snyx,0,3,0,4,0,5,5
y15f9nwm93,"2022-07-10 17:22:01",pf69snyx,0,4,0,2,0,0,5
w5mtx9zh3y,"2022-07-18 16:27:00",pf69snyx,0,0,3,1,4,0,0
zd2wr23p7p,"2022-07-23 04:22:51",pf69snyx,0,2,0,5,3,1,4
hzza344zmc,"2022-08-15 20:05:35",pf69snyx,0,3,0,2,0,0,5
n1snc372xt,"2022-08-25 00:28:34",pf69snyx,0,4,0,1,1,3,5
pzrtyapkzt,"2022-08-27 13:25:55",pf69snyx,0,2,0,2,3,5,5
4hw4x27yre,"2022-10-06 12:19:07",pf69snyx,0,0,0,0,0,0,5
9xkms33er4,"2022-10-29 22:58:01",pf69snyx,1,5,1,4,2,4,4
m4r59c4z6h,"2022-11-12 20:50:58",pf69snyx,1,3,1,3,2,5,5
ntp6zxkztn,"2022-11-17 15:11:28",pf69snyx,0,3,0,5,1,3,4
pzp5zwhkxn,"2022-11-19 11:50:32",pf69snyx,0,5,0,2,2,3,3
7kk19ddtmz,"2022-11-19 16:58:32",pf69snyx,0,3,0,4,1,4,5
nryyya5a4c,"2022-12-12 08:39:01",pf69snyx,0,1,1,3,5,4,0
awh7s6ked7,"2023-01-09 11:36:48",pf69snyx,2,0,3,2,4,2,1
ay3khwchky,"2023-01-11 13:46:30",pf69snyx,0,3,0,2,0,3,5
fn66ka6k7m,"2023-02-06 06:03:23",pf69snyx,0,2,0,3,3,5,5
w3nx2nykwe,"2023-03-29 00:44:05",pf69snyx,0,0,0,1,0,5,5
6hkrkmm5rx,"2023-05-15 09:40:29",pf69snyx,0,2,0,4,1,5,5
