voterID,voteTime,pollID,"Lincoln Chafee","Vermin Supreme","Jo Jorgensen ","Dan Behrman","Sam Robb","John McAfee","Mark Whitney","Arvin Vohra","Max Abramson","Ken Armstrong ","Keenan Dunham","John Monds","Erik Gerhardt","Souraya Fass","Jedi Hill","Ben Leder","Jacob Hornberger","James Ogle","Sorinne Ardeleanu"
ne15yst49z,"2020-02-11 23:59:16",9xrw9wch,5,0,5,5,0,0,0,0,5,5,0,0,0,0,0,0,5,0,0
cwxckkprh6,"2020-02-12 01:09:26",9xrw9wch,0,3,1,0,0,2,0,0,1,5,0,0,0,0,0,0,3,0,0
zawefc75s7,"2020-02-12 01:18:27",9xrw9wch,0,5,0,0,0,0,0,0,4,0,0,0,0,0,0,0,5,0,0
ph3xa9manr,"2020-02-12 01:36:44",9xrw9wch,0,3,0,0,0,4,0,0,0,0,0,0,0,0,0,0,0,0,0
ydt22acxnf,"2020-02-12 02:01:55",9xrw9wch,5,0,0,0,0,0,0,0,0,0,0,0,0,0,0,0,0,0,0
nzkxmxh6zp,"2020-02-12 03:28:37",9xrw9wch,0,5,0,0,0,0,0,0,0,0,0,0,0,0,0,0,0,0,0
6229mwf3nm,"2020-02-12 04:02:21",9xrw9wch,2,0,3,3,3,0,3,4,3,2,2,3,4,2,3,3,5,3,2
yxsxnk2aps,"2020-02-12 04:08:33",9xrw9wch,4,0,2,0,0,0,0,0,0,0,0,0,0,0,0,0,2,0,0
sce97h2m1x,"2020-02-12 04:24:37",9xrw9wch,0,5,0,3,0,5,3,3,2,0,0,0,0,0,0,0,4,0,0
p2t9xdrcda,"2020-02-12 04:43:16",9xrw9wch,4,0,2,0,0,0,1,0,0,0,0,2,0,0,0,0,1,0,1
pkypfera1s,"2020-02-12 04:49:10",9xrw9wch,3,0,3,0,0,0,0,0,0,1,0,4,0,0,1,0,3,0,0
sne7kz9td1,"2020-02-12 05:16:11",9xrw9wch,5,0,0,0,0,0,0,0,0,0,0,0,0,0,0,0,0,0,0
zsyy7mfnch,"2020-02-12 05:31:01",9xrw9wch,2,3,3,4,3,2,0,2,3,3,0,0,0,3,2,4,4,0,0
ddnz3y9ptr,"2020-02-12 05:43:51",9xrw9wch,3,1,3,3,4,1,2,1,5,4,2,2,2,3,3,2,5,2,2
6k4kr5ee95,"2020-02-12 06:01:45",9xrw9wch,0,4,0,4,0,5,4,0,0,3,0,0,0,0,0,0,5,0,0
12c24pdsdz,"2020-02-12 06:04:01",9xrw9wch,1,1,0,4,0,1,0,1,0,0,0,0,0,0,0,0,5,0,0
thrzxczh7f,"2020-02-12 06:51:17",9xrw9wch,0,0,5,0,5,0,1,0,0,0,0,5,0,1,0,0,5,0,0
3wdwz3f664,"2020-02-12 07:19:18",9xrw9wch,0,0,0,0,0,0,0,0,0,0,0,0,0,0,0,0,5,0,0
chsycr5dzk,"2020-02-12 07:20:43",9xrw9wch,0,0,0,0,0,0,0,0,0,0,0,0,0,0,0,0,5,0,0
s2dcnmkrzd,"2020-02-12 07:21:34",9xrw9wch,0,3,0,0,0,0,0,0,0,0,0,0,0,0,0,0,5,0,0
z1kzdnsc29,"2020-02-12 07:22:31",9xrw9wch,0,0,0,0,0,0,0,0,0,0,0,0,0,0,0,0,5,0,0
w2fneeecca,"2020-02-12 07:23:01",9xrw9wch,0,0,0,0,0,0,2,0,0,2,0,0,0,1,0,0,5,0,0
dsm1e95e7h,"2020-02-12 07:23:30",9xrw9wch,0,1,1,2,0,0,4,0,0,3,0,0,0,3,0,0,5,0,0
9wpsexf9se,"2020-02-12 07:42:42",9xrw9wch,0,0,0,0,0,0,0,0,0,0,0,0,0,0,0,0,5,0,0
34c5s937fr,"2020-02-12 08:03:36",9xrw9wch,2,0,3,0,1,0,0,0,0,0,0,0,0,0,0,0,4,0,0
zarrzdzmhd,"2020-02-12 08:18:42",9xrw9wch,0,5,0,0,0,0,0,0,0,0,0,0,0,0,0,0,0,0,0
yzndeexcnx,"2020-02-12 09:38:09",9xrw9wch,5,1,2,1,1,0,0,0,3,2,0,1,0,0,0,0,1,0,0
dw4w27p7r1,"2020-02-12 09:44:39",9xrw9wch,0,5,0,0,0,4,0,0,0,0,0,0,0,0,0,0,1,0,0
erdtwdkhfw,"2020-02-12 10:31:07",9xrw9wch,0,0,5,0,0,0,0,0,0,0,0,0,0,0,0,0,5,0,0
ar32f2nmry,"2020-02-12 10:44:37",9xrw9wch,0,0,2,0,0,0,3,0,0,3,0,5,0,0,0,0,2,0,0
6cmadpchyt,"2020-02-12 14:46:10",9xrw9wch,4,0,5,0,0,3,0,5,0,0,0,0,4,0,0,0,0,4,0
kc5zfkz9tm,"2020-02-12 16:04:29",9xrw9wch,0,0,3,2,0,0,0,0,0,0,0,0,0,0,0,0,5,0,0
22xhrpecx9,"2020-02-12 17:26:07",9xrw9wch,5,0,0,0,0,0,0,0,0,0,0,0,0,0,0,0,0,0,0
pz1h4ce3pw,"2020-02-12 18:39:11",9xrw9wch,5,0,0,0,0,0,0,0,0,0,0,0,0,0,0,0,0,0,0
era7czsp3d,"2020-02-12 18:46:29",9xrw9wch,0,0,1,0,0,0,0,3,0,0,0,0,0,0,0,0,5,0,0
kxkr7hpxfm,"2020-02-12 19:36:20",9xrw9wch,3,0,4,1,1,0,3,1,2,1,1,4,1,1,1,1,4,0,2
5d53ezrz1c,"2020-02-12 21:12:00",9xrw9wch,3,0,0,0,0,0,0,0,0,0,0,0,0,0,0,0,5,0,0
rha419x5h1,"2020-02-12 21:18:26",9xrw9wch,4,3,0,1,0,0,0,0,0,0,0,0,0,0,0,0,0,0,0
mt3t62w7z9,"2020-02-12 21:39:51",9xrw9wch,0,1,1,3,1,2,3,0,0,1,0,2,0,1,0,0,5,0,2
w5r37cmk7k,"2020-02-12 21:45:52",9xrw9wch,0,4,0,0,0,0,0,0,0,0,0,0,0,0,0,0,5,0,0
x6fwyhwr3t,"2020-02-12 21:52:04",9xrw9wch,0,0,0,0,0,0,0,0,0,0,0,0,0,0,0,0,0,0,5
3fz6h46kk3,"2020-02-12 21:55:18",9xrw9wch,0,2,1,1,1,3,1,0,1,1,1,1,1,1,1,1,5,1,1
t5a5kytyzn,"2020-02-12 22:19:44",9xrw9wch,0,5,0,3,0,0,2,2,0,0,0,0,0,0,0,0,0,0,0
he46scmf2h,"2020-02-12 22:32:58",9xrw9wch,0,5,1,4,0,3,3,0,0,3,0,3,0,0,0,0,3,0,0
a4epk5c7yk,"2020-02-12 22:38:16",9xrw9wch,0,0,0,0,0,0,0,0,0,0,0,0,0,0,0,0,5,0,0
xs14herkmn,"2020-02-12 22:38:19",9xrw9wch,0,5,0,3,0,0,1,0,0,0,0,1,0,0,0,0,0,0,0
zd93dh2443,"2020-02-12 22:45:38",9xrw9wch,0,5,0,0,0,0,0,0,0,0,0,0,0,0,0,0,0,0,0
r9zxf2rfsr,"2020-02-12 22:51:35",9xrw9wch,0,5,0,4,0,1,3,0,0,2,0,2,0,0,0,0,2,0,0
t6kcc4t56x,"2020-02-12 23:04:24",9xrw9wch,0,0,0,0,0,0,0,0,0,0,0,0,0,0,0,0,5,0,0
1x5d5x1f79,"2020-02-12 23:05:03",9xrw9wch,0,5,4,4,3,1,3,3,1,2,3,3,3,3,3,2,1,3,3
9ynsr4e9t6,"2020-02-12 23:16:47",9xrw9wch,0,0,0,2,0,1,0,0,1,0,0,5,0,0,0,0,4,0,0
pa2xrd5y3t,"2020-02-12 23:21:11",9xrw9wch,0,0,0,0,0,4,0,0,0,0,0,0,0,0,0,0,5,0,0
z6ffyfp2aw,"2020-02-12 23:24:20",9xrw9wch,0,5,0,4,0,0,0,0,0,0,0,0,0,0,0,0,0,0,0
2tthwnwt12,"2020-02-13 00:02:41",9xrw9wch,0,5,0,3,0,0,0,0,0,0,0,0,0,0,0,0,0,0,0
4x9f2reka3,"2020-02-13 00:44:45",9xrw9wch,0,5,0,4,0,0,1,0,0,0,0,3,0,0,0,0,0,0,0
nd9a43anne,"2020-02-13 02:02:19",9xrw9wch,0,5,0,4,3,1,1,1,0,0,0,1,0,0,1,0,0,0,0
t6rp3p7x32,"2020-02-13 02:11:46",9xrw9wch,0,5,0,0,0,0,0,0,0,0,0,0,0,0,0,0,0,0,0
d5zf327633,"2020-02-13 02:12:39",9xrw9wch,0,5,0,0,0,0,0,0,0,0,0,0,0,0,0,0,0,0,0
7r9ndsnz5k,"2020-02-13 02:43:39",9xrw9wch,1,5,2,3,3,3,4,2,1,2,1,2,1,2,3,1,2,1,1
p9m5nwaetk,"2020-02-13 02:55:59",9xrw9wch,4,0,0,0,0,0,3,0,0,0,0,0,0,0,0,0,5,0,0
wt95tsfaz9,"2020-02-13 03:07:18",9xrw9wch,0,5,0,3,0,4,0,0,0,0,0,0,0,0,0,0,0,0,0
6sraypy2kr,"2020-02-13 04:05:51",9xrw9wch,0,1,0,2,0,1,0,0,0,0,0,0,0,0,0,0,5,0,0
xszff342xz,"2020-02-13 04:22:13",9xrw9wch,5,1,5,0,0,2,2,0,0,2,0,5,0,1,0,0,3,0,0
7myax6az75,"2020-02-13 04:28:10",9xrw9wch,0,3,2,4,2,0,0,3,1,2,1,3,0,2,0,0,5,0,1
pxtyprfy21,"2020-02-13 04:33:27",9xrw9wch,0,0,0,2,0,1,0,0,0,0,0,0,0,0,0,0,5,0,0
fyk25fx9sc,"2020-02-13 04:45:58",9xrw9wch,0,5,0,0,0,0,0,0,0,0,0,0,0,0,0,0,0,0,0
4xexn4m44h,"2020-02-13 04:48:44",9xrw9wch,1,1,3,4,3,1,4,3,3,0,2,0,0,0,0,0,5,0,0
c1s9r2p1n5,"2020-02-13 05:38:46",9xrw9wch,0,5,0,4,0,0,2,1,0,0,0,0,0,0,3,0,0,0,0
nkfkhzkck4,"2020-02-13 06:13:14",9xrw9wch,0,5,0,0,0,4,0,0,0,0,0,0,0,0,0,0,0,0,0
1cknhn49td,"2020-02-13 06:27:35",9xrw9wch,1,5,3,2,1,1,2,2,0,1,0,4,0,0,0,0,3,0,0
ae7y75f9hd,"2020-02-13 07:53:15",9xrw9wch,0,0,0,0,0,0,0,0,0,0,0,0,0,0,0,0,5,0,0
rt4natser4,"2020-02-13 08:06:06",9xrw9wch,0,0,0,1,0,1,0,0,0,0,0,0,0,0,0,0,5,0,0
dm1413n91w,"2020-02-13 08:07:52",9xrw9wch,0,5,0,0,0,0,0,0,0,0,0,0,0,0,0,0,0,0,0
pdemxths3s,"2020-02-13 08:08:41",9xrw9wch,0,5,0,0,0,0,0,0,0,0,0,0,0,0,0,0,0,0,0
z9akhasy1w,"2020-02-13 08:08:52",9xrw9wch,0,5,0,0,0,0,0,0,0,0,0,0,0,0,0,0,0,0,0
y444624w2n,"2020-02-13 08:09:23",9xrw9wch,0,5,0,0,0,0,0,0,0,0,0,0,0,0,0,0,0,0,0
x42rmk9nmy,"2020-02-13 08:10:09",9xrw9wch,0,5,0,0,0,0,0,0,0,0,0,0,0,0,0,0,0,0,0
ymd3f64y9d,"2020-02-13 08:10:17",9xrw9wch,0,4,0,0,0,4,0,0,0,0,0,0,0,0,0,0,5,0,0
6tk9aeazkm,"2020-02-13 08:10:22",9xrw9wch,0,5,3,3,2,4,3,2,3,0,0,0,0,0,0,2,3,0,0
16hy9tx3ap,"2020-02-13 08:11:15",9xrw9wch,0,5,0,0,0,0,0,0,0,0,0,0,0,0,0,0,0,0,0
fhre9z2tx7,"2020-02-13 08:11:44",9xrw9wch,0,5,0,1,0,1,1,0,0,0,0,1,0,0,0,0,0,0,0
97n55eatat,"2020-02-13 08:11:47",9xrw9wch,0,5,0,0,0,5,0,0,0,0,0,0,0,0,0,0,0,0,0
pxfddep7zz,"2020-02-13 08:11:48",9xrw9wch,0,5,0,0,0,0,0,0,0,0,0,0,0,0,0,0,0,0,0
54ker3xw9z,"2020-02-13 08:12:07",9xrw9wch,0,5,0,0,0,0,0,0,0,0,0,0,0,0,0,0,0,0,0
4cn6emwdhx,"2020-02-13 08:12:16",9xrw9wch,0,5,0,0,0,5,0,0,0,0,0,0,0,0,0,0,0,0,0
rdwtc42pm9,"2020-02-13 08:12:39",9xrw9wch,0,5,0,0,0,0,0,0,0,0,0,0,0,0,0,0,5,0,0
fnpcp3h9wn,"2020-02-13 08:12:41",9xrw9wch,0,5,0,0,0,0,0,0,0,0,0,0,0,0,0,0,0,0,0
s69642ycha,"2020-02-13 08:12:41",9xrw9wch,0,5,0,0,0,0,0,0,0,0,0,0,0,0,0,0,0,0,0
4emh6an3ch,"2020-02-13 08:12:42",9xrw9wch,0,5,0,0,0,0,0,0,0,0,0,0,0,0,0,0,0,0,0
c6hnkdfwsn,"2020-02-13 08:12:47",9xrw9wch,0,5,0,0,0,0,0,0,0,0,0,0,0,0,0,0,0,0,0
m9s3aymz4r,"2020-02-13 08:13:08",9xrw9wch,0,5,0,0,0,0,0,0,0,0,0,0,0,0,0,0,0,0,0
he64dnkwxn,"2020-02-13 08:13:14",9xrw9wch,1,5,0,3,0,5,0,4,0,0,0,0,0,0,0,0,4,0,0
2ztspta4ea,"2020-02-13 08:13:52",9xrw9wch,0,5,0,0,0,0,0,0,0,0,0,0,0,0,0,0,0,0,0
nk5s117c2w,"2020-02-13 08:14:28",9xrw9wch,0,0,1,0,0,0,3,0,0,2,0,0,0,0,0,0,5,0,0
25fw6y17xk,"2020-02-13 08:15:01",9xrw9wch,0,5,0,0,0,0,0,0,0,0,0,0,0,0,0,0,0,0,0
e5rdf2775w,"2020-02-13 08:15:02",9xrw9wch,0,5,0,0,0,0,0,0,0,0,0,0,0,0,0,0,0,0,0
1yhzyrm2dd,"2020-02-13 08:15:06",9xrw9wch,0,5,0,0,0,0,0,0,0,0,0,0,0,0,0,0,0,0,0
zfs416cnzt,"2020-02-13 08:15:20",9xrw9wch,0,5,0,0,0,0,0,0,0,0,0,0,0,0,0,0,0,0,0
fasz4mhwdh,"2020-02-13 08:15:25",9xrw9wch,0,5,0,0,0,0,0,0,0,0,0,0,0,0,0,0,0,0,0
cfat9nzs3z,"2020-02-13 08:15:35",9xrw9wch,0,5,0,0,0,0,0,0,0,0,0,0,0,0,0,0,0,0,0
c7wra6hkew,"2020-02-13 08:15:47",9xrw9wch,0,5,0,0,0,0,0,0,0,0,0,0,0,0,0,0,0,0,0
7sy4ha97fk,"2020-02-13 08:17:12",9xrw9wch,0,5,0,0,0,0,0,0,0,0,0,0,0,0,0,0,0,0,0
nwac7r4akz,"2020-02-13 08:17:52",9xrw9wch,1,5,1,1,1,3,1,1,1,0,1,1,1,1,1,1,1,2,1
d2t3x4ps5s,"2020-02-13 08:18:15",9xrw9wch,0,5,0,0,0,0,0,0,0,0,0,0,0,0,0,0,0,0,0
zxn24wcszp,"2020-02-13 08:18:26",9xrw9wch,0,5,0,0,0,0,0,0,0,0,0,0,0,0,0,0,0,0,0
r74zpapast,"2020-02-13 08:18:29",9xrw9wch,0,5,0,0,0,0,0,0,0,0,0,0,0,0,0,0,0,0,0
ym5fn4fn9r,"2020-02-13 08:18:36",9xrw9wch,0,5,0,0,0,3,0,0,0,0,0,0,0,0,0,0,0,0,0
pnkyrac369,"2020-02-13 08:18:43",9xrw9wch,0,5,0,0,0,0,0,0,0,0,0,0,0,0,0,0,0,0,0
mfrt2xc2we,"2020-02-13 08:18:54",9xrw9wch,0,5,0,0,0,0,0,0,0,0,0,0,0,0,0,0,0,0,0
hsx2d52hx2,"2020-02-13 08:19:20",9xrw9wch,0,5,0,0,0,0,0,0,0,0,0,0,0,0,0,0,0,0,0
px1yf5nrw6,"2020-02-13 08:19:23",9xrw9wch,0,5,0,0,0,0,0,0,0,0,0,0,0,0,0,0,0,0,0
py4s1fpkh6,"2020-02-13 08:19:54",9xrw9wch,0,5,0,0,0,0,0,0,0,0,0,0,0,0,0,0,0,0,0
w1mc3ry369,"2020-02-13 08:20:25",9xrw9wch,0,5,0,0,0,0,0,0,0,4,0,0,0,0,0,0,0,0,0
7d1wdmc65m,"2020-02-13 08:20:50",9xrw9wch,0,5,0,0,0,0,0,0,0,0,0,0,0,0,0,0,0,0,0
s4hrfxrr66,"2020-02-13 08:20:53",9xrw9wch,0,5,0,0,0,5,0,0,0,0,0,0,0,0,0,0,0,0,0
td6mf4p4ha,"2020-02-13 08:21:07",9xrw9wch,0,5,0,0,0,0,0,0,0,0,0,0,0,0,0,0,0,0,0
r44xppsstd,"2020-02-13 08:21:10",9xrw9wch,0,5,0,0,0,5,0,0,0,0,0,0,0,0,0,0,0,0,0
drdzrpryyf,"2020-02-13 08:21:16",9xrw9wch,0,5,0,0,0,0,0,0,0,0,0,0,0,0,0,0,0,0,0
eykfpcswm1,"2020-02-13 08:21:58",9xrw9wch,0,5,0,0,0,2,0,0,0,3,0,0,0,0,0,0,0,0,0
3aykh9ws7n,"2020-02-13 08:22:03",9xrw9wch,0,5,0,0,0,0,0,0,0,0,0,0,0,0,0,0,0,0,0
pp59k317et,"2020-02-13 08:22:08",9xrw9wch,0,5,0,3,0,5,3,3,0,0,0,0,0,0,0,0,4,0,3
mecnfp1f1a,"2020-02-13 08:22:18",9xrw9wch,0,5,0,0,0,0,0,0,0,0,0,0,0,0,0,0,0,0,0
aw975dxf3s,"2020-02-13 08:22:30",9xrw9wch,0,5,0,0,0,0,0,0,0,0,0,0,0,0,0,0,0,0,0
fdwss6smr2,"2020-02-13 08:22:41",9xrw9wch,0,5,0,0,0,0,0,0,0,0,0,0,0,0,0,0,0,0,0
rsandpw9yr,"2020-02-13 08:22:47",9xrw9wch,0,5,0,0,0,4,0,0,0,0,0,0,0,0,0,0,0,0,0
h2rwaytp3h,"2020-02-13 08:22:59",9xrw9wch,0,0,0,0,0,0,0,0,5,0,0,0,0,0,0,0,0,0,0
rkrw322kpz,"2020-02-13 08:23:15",9xrw9wch,0,5,0,0,0,0,0,0,0,0,0,0,0,0,0,0,0,0,0
fzrxc7ch9w,"2020-02-13 08:25:00",9xrw9wch,0,5,0,0,0,0,0,0,0,0,0,0,0,0,0,0,0,0,0
re3tftmpk7,"2020-02-13 08:25:01",9xrw9wch,0,5,0,0,0,1,0,0,0,0,0,0,0,0,0,0,4,0,0
z4csw9nfmy,"2020-02-13 08:25:27",9xrw9wch,0,5,0,0,0,0,0,0,0,0,0,0,0,0,0,0,0,0,0
y6pdymexns,"2020-02-13 08:26:11",9xrw9wch,0,5,0,0,0,0,0,0,0,0,0,0,0,0,0,0,0,0,0
aknd1tz3ty,"2020-02-13 08:26:25",9xrw9wch,0,5,0,1,0,0,0,0,0,0,0,0,0,0,0,0,0,0,0
kx6cztan3n,"2020-02-13 08:26:42",9xrw9wch,0,5,0,0,0,0,0,0,0,0,0,0,0,0,0,0,0,0,0
92tkm9r7ww,"2020-02-13 08:26:47",9xrw9wch,0,5,0,0,0,0,0,0,0,0,0,0,0,0,0,0,0,0,0
w761fksp3x,"2020-02-13 08:26:55",9xrw9wch,0,5,4,0,0,3,0,0,0,3,0,0,0,0,0,0,0,0,0
tpmmtwfcdd,"2020-02-13 08:27:17",9xrw9wch,0,5,0,0,0,0,0,0,0,0,0,0,0,0,0,0,0,0,0
9f6w1ksnt5,"2020-02-13 08:27:21",9xrw9wch,1,5,1,1,1,3,1,1,1,1,1,1,1,1,2,1,1,1,1
6ftm2spfra,"2020-02-13 08:27:26",9xrw9wch,0,5,0,0,0,0,0,0,0,0,0,0,0,0,0,0,0,0,0
yc4pmh5rzy,"2020-02-13 08:27:41",9xrw9wch,1,5,1,1,1,1,1,1,1,1,1,0,1,1,1,1,1,1,1
6zfz59t9ep,"2020-02-13 08:27:49",9xrw9wch,0,5,0,0,0,0,0,0,0,0,0,0,0,0,0,0,0,0,0
mfndnmkkcp,"2020-02-13 08:28:26",9xrw9wch,0,5,0,0,0,0,0,0,0,0,0,0,0,0,0,0,0,0,0
pzwct7tchw,"2020-02-13 08:28:44",9xrw9wch,2,5,1,3,2,0,1,1,1,1,1,1,1,3,2,4,1,1,3
6n2aesetaz,"2020-02-13 08:29:24",9xrw9wch,0,5,0,0,0,0,0,0,0,0,0,0,0,0,0,0,0,0,0
xdh4sxc2he,"2020-02-13 08:30:18",9xrw9wch,0,5,0,0,0,0,0,0,0,0,0,0,0,0,0,0,4,0,0
npcyzfrnzy,"2020-02-13 08:30:23",9xrw9wch,0,5,0,0,0,0,0,0,0,0,0,0,0,0,0,0,0,0,0
7zsft93rna,"2020-02-13 08:31:10",9xrw9wch,0,5,0,4,0,2,0,2,0,0,0,0,0,0,0,0,0,0,0
e6tttmz7df,"2020-02-13 08:33:25",9xrw9wch,0,5,0,0,0,2,0,0,0,0,0,0,0,0,0,0,0,0,0
yn2e9zwpk7,"2020-02-13 08:33:43",9xrw9wch,0,5,0,0,0,0,0,0,0,0,0,0,0,0,0,0,0,0,0
x62y3s2w12,"2020-02-13 08:33:59",9xrw9wch,0,5,0,0,0,4,0,0,0,0,0,0,0,0,0,0,0,0,0
2ehzstxch2,"2020-02-13 08:34:50",9xrw9wch,3,5,3,1,0,0,0,0,0,0,0,0,0,0,0,0,0,0,0
pnk1w6rda3,"2020-02-13 08:34:53",9xrw9wch,0,5,0,0,0,0,0,0,0,0,0,0,0,0,0,0,0,0,0
x93ss6a3dr,"2020-02-13 08:35:35",9xrw9wch,2,5,1,4,1,2,1,1,1,1,1,1,1,1,1,1,1,1,1
n5sr5wac3f,"2020-02-13 08:35:49",9xrw9wch,0,5,0,0,0,0,0,0,0,0,0,0,0,0,0,0,0,0,0
2t3d9twd55,"2020-02-13 08:36:29",9xrw9wch,0,5,0,0,0,0,0,0,0,0,0,0,0,0,0,0,0,0,0
nxeztzam1f,"2020-02-13 08:36:29",9xrw9wch,0,5,0,0,0,0,0,0,0,0,0,0,0,0,0,0,0,0,0
tfzw16sef6,"2020-02-13 08:37:29",9xrw9wch,0,5,0,0,0,0,0,0,0,0,0,0,0,0,0,0,0,0,0
5m5pcp7fy2,"2020-02-13 08:37:30",9xrw9wch,0,5,0,0,0,0,0,0,0,0,0,0,0,0,0,0,0,0,0
d7a1f1cw7p,"2020-02-13 08:37:58",9xrw9wch,1,5,1,4,1,2,1,1,1,1,1,1,1,1,1,1,1,1,1
7dk3z1zset,"2020-02-13 08:38:56",9xrw9wch,0,5,0,0,0,0,0,0,0,0,0,0,0,0,0,0,0,0,0
4xsw3araz3,"2020-02-13 08:39:00",9xrw9wch,0,5,3,5,0,2,2,0,0,2,0,0,0,1,0,0,0,0,0
ne66fhrmpr,"2020-02-13 08:39:49",9xrw9wch,0,5,0,0,0,0,0,0,0,0,0,0,0,0,0,0,0,0,0
heckc4wx7w,"2020-02-13 08:39:51",9xrw9wch,0,5,0,0,0,0,0,0,0,0,0,0,0,0,0,0,0,0,0
krcwt1n9ya,"2020-02-13 08:40:15",9xrw9wch,0,5,0,0,0,4,0,0,0,0,0,0,0,0,0,0,3,0,0
nd5y27rxaw,"2020-02-13 08:40:39",9xrw9wch,0,5,0,0,0,0,0,0,0,0,0,0,0,0,0,0,0,0,0
ceyzrmdfaw,"2020-02-13 08:41:08",9xrw9wch,0,5,0,0,0,0,0,0,0,0,0,0,0,0,0,0,2,0,0
62m1dy1y9f,"2020-02-13 08:41:46",9xrw9wch,0,5,0,0,0,0,0,0,0,0,0,0,0,0,0,0,0,0,0
n2pttt21m6,"2020-02-13 08:41:48",9xrw9wch,0,5,0,0,0,0,0,0,0,0,0,0,0,0,0,0,0,0,0
wh7w2eeyrz,"2020-02-13 08:41:57",9xrw9wch,3,2,0,0,0,1,0,0,0,0,0,0,0,0,0,0,0,0,0
m9z74h6c7s,"2020-02-13 08:42:34",9xrw9wch,0,4,2,3,1,2,0,2,1,2,0,0,0,0,0,0,5,0,0
5ht9af3nsd,"2020-02-13 08:42:47",9xrw9wch,0,1,0,4,0,0,0,0,0,0,0,0,0,0,0,0,0,0,0
ec5tkcw5a7,"2020-02-13 08:42:47",9xrw9wch,0,5,0,0,0,0,0,0,0,0,0,0,0,0,0,0,0,0,0
ztxrm4dcww,"2020-02-13 08:42:47",9xrw9wch,0,5,0,0,0,0,0,0,0,0,0,0,0,0,0,0,0,0,0
wh6wyse6ts,"2020-02-13 08:43:44",9xrw9wch,0,5,0,0,0,0,0,0,0,0,0,0,0,0,0,0,0,0,0
4s3wfz1hfn,"2020-02-13 08:45:09",9xrw9wch,0,5,0,5,0,0,0,0,0,0,0,0,0,0,0,0,0,0,0
25h1frc216,"2020-02-13 08:45:28",9xrw9wch,0,5,0,0,0,0,0,0,0,0,0,0,0,0,0,0,0,0,0
spdek3993e,"2020-02-13 08:46:32",9xrw9wch,0,5,0,0,0,0,0,0,0,0,0,0,0,0,0,0,0,0,0
enkrw6mx25,"2020-02-13 08:47:29",9xrw9wch,0,5,0,0,0,0,0,0,0,0,0,0,0,0,0,0,0,0,0
xn2sc5dhs6,"2020-02-13 08:47:38",9xrw9wch,0,5,0,0,0,0,0,0,0,0,0,0,0,0,0,0,0,0,0
e36sne124d,"2020-02-13 08:47:59",9xrw9wch,0,5,0,4,0,4,0,3,0,0,0,0,0,0,0,0,4,0,0
5x6atsynwy,"2020-02-13 08:48:32",9xrw9wch,0,5,0,2,0,0,0,0,0,0,0,0,0,0,0,0,0,0,0
tzkwa66ah2,"2020-02-13 08:49:00",9xrw9wch,0,5,0,0,0,5,0,0,0,0,0,0,0,0,3,0,0,0,0
zs1ah3yhy5,"2020-02-13 08:50:55",9xrw9wch,0,1,0,0,0,0,0,0,0,0,0,0,0,0,0,0,0,0,0
aktfk9fzm4,"2020-02-13 08:51:08",9xrw9wch,0,5,0,0,0,3,0,0,0,0,0,0,0,0,0,0,0,0,0
6h9antc1x5,"2020-02-13 08:51:21",9xrw9wch,0,5,0,0,0,0,0,0,0,0,0,0,0,0,0,0,0,0,0
fr51dw5k21,"2020-02-13 08:51:31",9xrw9wch,0,5,0,0,0,0,0,0,0,0,0,0,0,0,0,0,0,0,0
zhns9weaxr,"2020-02-13 08:51:44",9xrw9wch,0,5,0,4,0,3,0,3,0,0,0,0,0,0,0,0,5,0,0
w9y47rez61,"2020-02-13 08:52:46",9xrw9wch,0,5,0,0,0,0,0,0,0,0,0,0,0,0,0,0,0,0,0
zdh1z9fm51,"2020-02-13 08:52:48",9xrw9wch,0,5,0,0,0,0,0,0,0,0,0,0,0,0,0,0,0,0,0
thehne4fsh,"2020-02-13 08:53:58",9xrw9wch,0,0,5,0,0,0,0,0,0,0,0,0,0,0,0,0,0,0,0
zktdpm7zpy,"2020-02-13 08:53:59",9xrw9wch,0,5,0,0,0,0,0,0,5,0,0,0,0,0,0,0,0,0,0
4rdddc3rd4,"2020-02-13 08:55:43",9xrw9wch,2,5,3,0,1,5,1,2,1,3,1,5,1,1,1,1,5,1,1
xtfmhncwms,"2020-02-13 08:56:09",9xrw9wch,0,5,0,4,0,0,0,0,0,0,0,0,0,0,0,0,0,0,0
6t7yx75nxf,"2020-02-13 08:56:45",9xrw9wch,0,5,0,0,0,0,0,0,0,0,0,0,0,0,0,0,0,0,0
9ey2wr3zya,"2020-02-13 08:57:38",9xrw9wch,0,5,0,0,0,0,0,0,0,0,0,0,0,0,0,0,0,0,0
s6fsa4nx2c,"2020-02-13 08:58:34",9xrw9wch,0,5,0,0,0,0,0,0,0,0,0,0,0,0,0,0,1,0,0
cs549d32nn,"2020-02-13 08:59:20",9xrw9wch,0,5,0,0,0,0,0,0,0,0,0,0,0,0,0,0,0,0,0
xhethzrhpn,"2020-02-13 08:59:36",9xrw9wch,0,5,0,0,0,0,0,0,0,0,0,0,0,0,0,0,0,0,0
sws4rsxx3m,"2020-02-13 09:01:35",9xrw9wch,0,5,0,0,0,0,0,0,0,0,0,0,0,0,0,0,5,0,0
3kmhaehh3c,"2020-02-13 09:02:05",9xrw9wch,1,5,1,1,1,2,1,1,1,1,1,1,1,1,2,1,1,1,1
mkfh227m4m,"2020-02-13 09:02:24",9xrw9wch,0,5,0,3,0,2,0,0,0,0,0,0,0,0,0,0,3,0,0
e2z2tfs2n6,"2020-02-13 09:05:24",9xrw9wch,0,5,0,0,0,0,0,0,0,0,0,0,0,0,0,0,5,0,0
f5df5t2f1z,"2020-02-13 09:07:03",9xrw9wch,0,5,0,0,0,0,0,0,0,0,0,0,0,0,0,0,0,0,0
wz3fw1wx53,"2020-02-13 09:07:08",9xrw9wch,0,5,0,0,0,0,0,0,0,0,0,0,0,0,0,0,0,0,0
kspr755d54,"2020-02-13 09:07:22",9xrw9wch,0,5,0,0,0,0,0,0,0,0,0,0,0,0,0,0,0,0,0
z4xhfk3z27,"2020-02-13 09:13:36",9xrw9wch,0,5,0,0,0,0,0,0,0,0,0,0,0,0,0,0,0,0,0
ps7445ax3p,"2020-02-13 09:13:51",9xrw9wch,0,5,0,0,0,0,0,0,0,0,0,0,0,0,0,0,0,0,0
yt6d6an6hk,"2020-02-13 09:14:42",9xrw9wch,0,5,0,4,2,0,1,0,0,1,0,0,0,0,0,0,0,0,0
sx7cxrcc26,"2020-02-13 09:15:46",9xrw9wch,0,5,0,0,0,0,0,0,0,0,0,0,0,0,0,0,0,0,0
t6cwspxaf4,"2020-02-13 09:16:35",9xrw9wch,0,5,0,0,0,0,0,0,0,0,0,0,0,0,0,0,0,0,0
hkhrtp7ca7,"2020-02-13 09:16:45",9xrw9wch,0,5,0,4,4,0,0,0,4,0,0,0,0,0,0,0,5,0,0
4ff5kyw5xa,"2020-02-13 09:17:23",9xrw9wch,3,5,0,0,0,0,0,0,0,0,0,0,0,0,0,0,0,0,0
pcfxc2fmef,"2020-02-13 09:17:30",9xrw9wch,0,5,0,0,0,0,0,0,0,0,0,0,0,0,0,0,0,0,0
dy25s6fn2e,"2020-02-13 09:19:16",9xrw9wch,0,5,0,0,0,0,0,0,0,0,0,0,0,0,0,0,0,0,0
3997stdyzz,"2020-02-13 09:20:18",9xrw9wch,0,5,0,0,0,0,0,0,0,0,0,0,0,0,0,0,0,0,0
k347aap37z,"2020-02-13 09:20:51",9xrw9wch,0,5,0,0,0,0,0,0,0,0,0,0,0,0,0,0,0,0,0
c66k17tzx1,"2020-02-13 09:23:50",9xrw9wch,0,5,0,0,0,0,0,0,0,0,0,0,0,0,0,0,0,0,0
ped6dtc1ey,"2020-02-13 09:24:17",9xrw9wch,0,5,0,2,0,0,0,0,0,0,0,0,0,0,0,0,0,0,0
fdpcydm215,"2020-02-13 09:24:22",9xrw9wch,0,5,0,0,0,0,0,0,0,0,0,0,0,0,0,0,0,0,0
r71ac9ffne,"2020-02-13 09:24:43",9xrw9wch,0,5,0,0,0,0,0,0,0,0,0,0,0,0,0,0,0,0,0
sdwkfn3rhe,"2020-02-13 09:25:02",9xrw9wch,1,5,3,2,1,4,2,1,2,2,2,1,1,1,2,2,3,1,2
rkwxyp2f1r,"2020-02-13 09:25:31",9xrw9wch,0,5,0,0,0,0,0,0,0,0,0,0,0,0,0,0,0,0,0
t7k3969a33,"2020-02-13 09:28:21",9xrw9wch,0,5,0,0,0,0,0,0,0,0,0,0,0,0,0,0,0,0,0
drwfktdy46,"2020-02-13 09:29:46",9xrw9wch,0,5,0,0,0,0,0,0,0,0,0,0,0,0,0,0,0,0,0
t33xc3n6kk,"2020-02-13 09:29:53",9xrw9wch,0,5,0,0,0,0,0,0,0,0,0,0,0,0,0,0,0,0,0
6cdha44s54,"2020-02-13 09:31:07",9xrw9wch,0,5,0,0,0,0,0,0,0,0,0,0,0,0,0,0,0,0,0
zz2259ax2s,"2020-02-13 09:31:59",9xrw9wch,2,4,2,2,2,3,2,2,2,2,2,1,2,2,2,2,2,2,2
71mky5xfyy,"2020-02-13 09:32:41",9xrw9wch,0,5,0,0,0,5,0,0,0,0,0,0,0,0,0,0,0,0,0
fnyzax1fce,"2020-02-13 09:36:11",9xrw9wch,0,5,0,0,0,0,0,0,0,0,0,0,0,0,0,0,0,0,0
6zpwy93sfm,"2020-02-13 09:36:57",9xrw9wch,0,5,0,4,0,0,0,0,0,0,0,0,0,0,0,0,0,0,0
hw75d7dkhf,"2020-02-13 09:37:59",9xrw9wch,0,5,0,0,0,0,0,0,0,0,0,0,0,0,0,0,0,0,0
7cm9nsxhmf,"2020-02-13 09:40:49",9xrw9wch,0,5,0,0,0,0,0,0,0,0,0,0,0,0,0,0,0,0,0
ffd4efy937,"2020-02-13 09:40:55",9xrw9wch,0,5,0,0,0,0,0,0,0,0,0,0,0,0,0,0,0,0,0
kxc7zr551r,"2020-02-13 09:43:37",9xrw9wch,0,5,0,0,0,0,0,0,0,0,0,0,0,0,0,0,4,0,0
ps9nnwkxzs,"2020-02-13 09:50:23",9xrw9wch,1,5,0,0,0,0,0,0,0,0,0,0,0,0,2,0,0,0,0
732mrp65hd,"2020-02-13 09:51:02",9xrw9wch,0,5,0,0,0,0,0,0,0,0,0,0,0,0,0,0,0,0,0
wx94kfmnn1,"2020-02-13 09:51:05",9xrw9wch,0,5,0,0,0,0,0,0,0,0,0,0,0,0,0,0,0,0,0
mny9trwdwp,"2020-02-13 09:51:19",9xrw9wch,0,5,0,0,0,0,0,0,0,0,0,0,0,0,0,0,0,0,0
1kw9derfca,"2020-02-13 09:54:50",9xrw9wch,0,5,0,0,0,0,0,0,0,0,0,0,0,0,0,0,0,0,0
rmhwkhr6c3,"2020-02-13 09:57:02",9xrw9wch,2,5,2,3,1,3,2,2,2,2,1,2,2,2,2,2,3,2,2
3c3xf1cexh,"2020-02-13 10:01:17",9xrw9wch,0,3,3,3,2,2,2,1,1,3,0,0,0,3,1,0,5,1,1
1emcp2nxcs,"2020-02-13 10:03:39",9xrw9wch,2,1,5,0,0,0,4,0,0,2,0,4,0,0,0,0,0,0,0
ps5cd4s91w,"2020-02-13 10:05:30",9xrw9wch,0,5,0,0,0,0,0,0,0,0,0,0,0,0,0,0,0,0,0
drxdntka7h,"2020-02-13 10:06:50",9xrw9wch,0,5,1,4,1,4,1,0,1,1,1,1,1,1,1,1,1,1,1
37tx5e69xc,"2020-02-13 10:09:42",9xrw9wch,0,5,0,0,0,0,0,0,0,0,0,0,0,0,0,0,0,0,0
7xht4w13w4,"2020-02-13 10:10:07",9xrw9wch,0,5,0,0,0,0,0,0,0,0,0,0,0,0,0,0,0,0,0
spe5df9pcy,"2020-02-13 10:12:00",9xrw9wch,0,5,0,0,0,0,0,0,0,0,0,0,0,0,0,0,0,0,0
6nk5ewc7cp,"2020-02-13 10:13:11",9xrw9wch,0,5,0,0,0,0,0,0,0,0,0,0,0,0,0,0,0,0,0
ex5hy6ppza,"2020-02-13 10:13:53",9xrw9wch,0,5,0,0,0,0,0,0,0,0,0,0,0,0,0,0,0,0,0
3mwy36zhsx,"2020-02-13 10:14:41",9xrw9wch,2,5,0,0,0,0,0,0,0,0,0,0,0,0,0,0,4,0,0
7hr1yp2yh6,"2020-02-13 10:14:48",9xrw9wch,5,0,5,0,0,0,0,0,0,0,0,5,0,0,0,0,5,0,0
547t4743st,"2020-02-13 10:16:02",9xrw9wch,0,5,0,0,0,0,0,0,0,0,0,0,0,0,0,0,0,0,0
ww254n2dd2,"2020-02-13 10:23:24",9xrw9wch,0,5,0,0,0,3,0,0,0,0,0,0,0,0,0,0,0,0,0
d2y7ewnexm,"2020-02-13 10:24:39",9xrw9wch,0,5,0,0,0,3,0,0,0,0,0,0,0,0,0,0,0,0,0
ehyksywnsf,"2020-02-13 10:25:39",9xrw9wch,0,5,0,0,0,0,0,0,0,0,0,0,0,0,0,0,0,0,0
xhfxcr4phf,"2020-02-13 10:29:06",9xrw9wch,0,5,0,0,0,0,0,0,0,0,0,0,0,0,0,0,0,0,0
e4pmne2ste,"2020-02-13 10:29:12",9xrw9wch,1,5,4,3,3,5,4,1,1,3,2,4,2,2,3,2,5,2,2
tn6n67t9en,"2020-02-13 10:29:56",9xrw9wch,0,5,0,0,0,3,0,0,0,0,0,0,0,0,0,0,0,0,0
esxpzayr39,"2020-02-13 10:34:47",9xrw9wch,0,5,0,0,0,0,0,0,0,0,0,0,0,0,0,0,0,0,0
ddmyskra59,"2020-02-13 10:38:28",9xrw9wch,0,4,0,5,0,0,0,0,0,0,0,0,0,0,0,0,0,0,0
pwtexc1fc2,"2020-02-13 10:40:38",9xrw9wch,0,5,0,0,0,0,0,0,0,0,0,0,0,0,0,0,0,0,0
293w44r9hy,"2020-02-13 10:44:39",9xrw9wch,0,5,0,0,0,0,0,0,0,0,0,0,0,0,0,0,0,0,0
4emyxrh239,"2020-02-13 10:44:39",9xrw9wch,0,5,0,0,0,0,0,0,0,0,0,0,0,0,0,0,0,0,0
1tdep19y47,"2020-02-13 10:44:43",9xrw9wch,0,5,0,0,0,0,0,0,0,0,0,0,0,0,0,0,0,0,0
zn474sk5zd,"2020-02-13 10:48:38",9xrw9wch,0,5,0,0,0,0,0,0,0,0,0,0,0,0,0,0,0,0,0
9kdx1hm1ns,"2020-02-13 10:50:53",9xrw9wch,0,5,0,0,0,5,0,0,0,0,0,0,0,0,0,0,0,0,0
ft91zwamt5,"2020-02-13 10:51:20",9xrw9wch,0,5,0,0,0,0,0,0,0,0,0,0,0,0,0,0,0,0,0
1hkkxmcdpn,"2020-02-13 10:52:37",9xrw9wch,0,5,3,2,1,0,1,0,2,1,2,1,1,2,2,1,2,2,0
aew73p3k95,"2020-02-13 10:55:40",9xrw9wch,0,5,0,0,0,0,0,0,0,0,0,0,0,0,0,0,0,0,0
5cnrt5yd3n,"2020-02-13 10:56:48",9xrw9wch,0,5,0,0,0,0,0,0,0,0,0,0,0,0,0,0,0,0,0
hnxws3yrws,"2020-02-13 11:00:29",9xrw9wch,0,5,0,0,0,0,0,0,0,0,0,0,0,0,0,0,0,0,0
pxxd2e7rr2,"2020-02-13 11:00:39",9xrw9wch,0,4,2,5,0,3,0,0,0,0,0,0,0,0,0,0,2,0,0
9pfd99ky9e,"2020-02-13 11:04:25",9xrw9wch,0,5,0,0,0,0,0,0,0,0,0,0,0,0,0,0,0,0,0
ff2ecznse5,"2020-02-13 11:10:43",9xrw9wch,1,3,3,0,0,3,0,1,0,0,0,0,0,0,0,0,3,0,0
2xfyzf7fw9,"2020-02-13 11:11:51",9xrw9wch,0,5,0,5,0,5,0,5,0,3,0,0,0,3,3,0,0,0,0
ftw4pc5d9d,"2020-02-13 11:12:52",9xrw9wch,1,5,1,1,1,3,1,1,1,1,1,1,1,1,1,1,1,1,1
r2c2tkkpkp,"2020-02-13 11:14:52",9xrw9wch,0,5,0,0,0,3,0,0,0,0,0,0,0,0,0,0,0,0,0
4ht14nxda7,"2020-02-13 11:19:43",9xrw9wch,0,5,0,0,0,0,0,0,0,0,0,0,0,0,0,0,0,0,0
ysfc691apz,"2020-02-13 11:21:04",9xrw9wch,0,5,0,0,0,0,0,0,0,0,0,0,0,0,0,0,0,0,0
t3rmmskccy,"2020-02-13 11:22:31",9xrw9wch,0,5,0,0,0,0,0,0,0,0,0,0,0,0,0,0,0,0,0
95an13rfex,"2020-02-13 11:24:35",9xrw9wch,0,5,0,0,0,3,0,0,0,0,0,0,0,0,0,0,3,0,0
7ewx96fzcp,"2020-02-13 11:26:24",9xrw9wch,0,5,0,0,0,0,0,0,0,0,0,0,0,0,0,0,0,0,0
nhy32nmese,"2020-02-13 11:28:09",9xrw9wch,0,5,0,4,0,0,0,0,0,0,0,0,0,0,0,0,3,0,0
4cxwffwtfy,"2020-02-13 11:29:00",9xrw9wch,0,0,0,5,0,0,0,0,0,0,0,0,0,0,0,0,0,0,0
ht35daefw6,"2020-02-13 11:29:04",9xrw9wch,0,5,0,0,0,0,0,0,0,0,0,0,0,0,0,0,0,0,0
f3t323dwst,"2020-02-13 11:31:17",9xrw9wch,0,0,0,5,0,0,0,0,0,0,0,0,0,0,0,0,0,0,0
knr5k2wzdm,"2020-02-13 11:31:43",9xrw9wch,0,5,0,5,0,5,0,0,0,0,0,0,0,0,0,0,0,0,0
h3xnk5d96e,"2020-02-13 11:32:03",9xrw9wch,0,5,0,0,0,4,0,0,0,0,0,0,0,0,1,0,0,0,0
4734h579ds,"2020-02-13 11:32:28",9xrw9wch,0,5,0,0,0,0,0,0,0,0,0,0,0,0,0,0,0,0,0
kznnmcdmhe,"2020-02-13 11:34:24",9xrw9wch,0,0,0,0,0,0,0,0,0,0,0,5,0,0,0,0,0,0,0
2ps91ax9w9,"2020-02-13 11:36:16",9xrw9wch,0,0,0,5,0,0,0,0,0,0,0,0,0,0,0,0,0,0,0
362cmh24d4,"2020-02-13 11:38:10",9xrw9wch,0,5,0,5,0,5,0,0,2,0,0,0,0,0,5,0,0,0,0
3ekthkrcwt,"2020-02-13 11:38:30",9xrw9wch,0,0,0,5,0,0,0,0,0,0,0,0,0,0,0,0,0,0,0
y993cwpzyx,"2020-02-13 11:39:04",9xrw9wch,0,0,0,5,0,0,0,0,0,0,0,0,0,0,0,0,0,0,0
666e37ws5e,"2020-02-13 11:39:13",9xrw9wch,0,5,0,0,0,0,0,0,0,0,0,0,0,0,0,0,0,0,0
45n2hy5649,"2020-02-13 11:40:58",9xrw9wch,0,0,0,5,4,0,0,0,0,0,0,0,0,0,0,0,0,0,0
f9fkse1xcn,"2020-02-13 11:43:31",9xrw9wch,0,4,0,5,0,0,0,0,0,0,0,0,0,0,0,0,0,0,0
k9r2sw97wk,"2020-02-13 11:45:05",9xrw9wch,0,0,0,5,0,0,0,0,0,0,0,0,0,0,0,0,0,0,0
d5ps4apadt,"2020-02-13 11:45:07",9xrw9wch,0,5,0,5,5,0,0,0,0,0,0,0,0,0,0,0,0,0,0
y2mwrxm67s,"2020-02-13 11:46:42",9xrw9wch,0,5,0,0,0,0,0,0,0,0,0,0,0,0,0,0,5,0,0
h9m3ndh74m,"2020-02-13 11:47:07",9xrw9wch,0,5,0,0,0,0,0,0,0,0,0,0,0,0,0,0,0,0,0
5fsydnztkr,"2020-02-13 11:49:53",9xrw9wch,0,5,0,0,0,0,0,0,0,0,0,0,0,0,0,0,0,0,0
cmktx12nwk,"2020-02-13 11:50:13",9xrw9wch,0,5,3,5,1,5,1,1,0,1,1,1,1,0,1,0,4,1,5
kk53mwxzaa,"2020-02-13 11:50:14",9xrw9wch,0,5,0,0,0,0,0,0,0,0,0,0,0,0,0,0,0,0,0
7x131n5s6k,"2020-02-13 11:50:17",9xrw9wch,0,5,0,0,0,0,0,0,0,0,0,4,0,0,0,0,0,0,0
rt4cpe2te5,"2020-02-13 11:50:34",9xrw9wch,0,5,0,0,0,0,0,0,0,0,0,0,0,0,0,0,0,0,0
hdfx779kek,"2020-02-13 11:52:24",9xrw9wch,0,5,0,3,0,3,0,0,0,0,0,0,0,0,0,0,3,0,0
6k5e5wxtes,"2020-02-13 11:54:24",9xrw9wch,0,5,0,0,0,5,0,0,0,0,0,0,0,0,0,0,0,0,0
3h1mkyydek,"2020-02-13 11:54:31",9xrw9wch,0,5,0,3,0,5,0,0,0,0,0,0,0,0,0,0,0,0,0
yn9zzt27ks,"2020-02-13 11:54:34",9xrw9wch,5,5,0,0,0,0,0,0,0,0,0,0,0,0,0,0,0,0,0
c9mk59n4k7,"2020-02-13 11:58:40",9xrw9wch,0,4,0,0,0,5,0,0,0,0,0,0,0,0,0,0,0,0,0
3fmmf2sxe6,"2020-02-13 12:02:39",9xrw9wch,0,5,0,0,0,0,0,0,0,0,0,0,0,0,0,0,0,0,0
ht9a5af43f,"2020-02-13 12:03:57",9xrw9wch,5,5,0,0,0,0,0,0,0,0,0,0,0,0,0,0,0,0,0
z5a6mderwm,"2020-02-13 12:04:02",9xrw9wch,2,0,0,0,0,0,0,0,0,0,0,0,0,0,0,0,0,0,0
4zstppcrpd,"2020-02-13 12:04:34",9xrw9wch,0,5,0,0,0,0,0,0,0,0,0,0,0,0,0,0,0,0,0
4hc5mf59s6,"2020-02-13 12:04:40",9xrw9wch,0,5,0,0,0,0,0,0,0,0,0,0,0,0,0,0,0,0,0
y7f6ankzw6,"2020-02-13 12:05:46",9xrw9wch,0,5,0,0,0,0,0,0,0,0,0,0,0,0,0,0,0,0,0
36fwn736a9,"2020-02-13 12:06:12",9xrw9wch,5,4,0,0,0,2,0,0,0,0,0,0,0,0,0,0,0,0,0
ehe45pwh7d,"2020-02-13 12:08:06",9xrw9wch,0,5,0,0,0,0,0,0,0,0,0,0,0,0,0,0,0,0,0
pfy32y72yc,"2020-02-13 12:09:55",9xrw9wch,4,5,0,3,0,0,0,0,0,0,0,3,0,0,0,0,0,0,0
zky5twyw3x,"2020-02-13 12:11:44",9xrw9wch,0,5,0,0,0,0,0,0,0,0,0,0,0,0,0,0,0,0,0
7w3mmn3en2,"2020-02-13 12:12:10",9xrw9wch,0,0,0,5,0,0,0,0,0,0,0,0,0,0,0,0,0,0,0
pccyfmyc1p,"2020-02-13 12:18:07",9xrw9wch,0,5,0,0,0,0,0,0,0,0,0,0,0,0,0,0,0,0,0
scxtezs3a4,"2020-02-13 12:20:49",9xrw9wch,0,5,0,0,0,0,0,0,0,0,0,0,0,0,0,0,0,0,0
wfzexdtxxk,"2020-02-13 12:21:19",9xrw9wch,0,5,0,0,0,0,0,0,0,0,0,0,0,0,0,0,0,0,0
5s9pc6y79a,"2020-02-13 12:23:33",9xrw9wch,0,5,0,0,0,0,0,0,0,0,0,0,0,0,0,0,0,0,0
shmxx7kwta,"2020-02-13 12:24:21",9xrw9wch,0,0,0,5,0,0,0,0,0,0,0,0,0,0,0,0,0,0,0
weaf1wexx1,"2020-02-13 12:26:33",9xrw9wch,0,0,0,5,0,0,0,0,0,0,0,0,0,0,0,0,0,0,0
72ks65aepn,"2020-02-13 12:27:02",9xrw9wch,0,5,0,0,0,0,0,0,0,0,0,0,0,0,0,0,0,0,0
3h79zk3tan,"2020-02-13 12:32:21",9xrw9wch,0,5,0,0,0,0,0,0,0,0,0,0,0,0,0,0,0,0,0
yampz99xen,"2020-02-13 12:33:10",9xrw9wch,0,5,0,0,0,0,0,0,0,0,0,0,0,0,0,0,0,0,0
yma7cakar3,"2020-02-13 12:35:43",9xrw9wch,1,5,1,1,1,1,1,1,1,1,1,1,1,1,1,1,1,1,1
cxxa1wdwta,"2020-02-13 12:36:26",9xrw9wch,0,0,0,0,0,0,0,0,0,0,0,0,0,0,0,0,0,0,0
cytkahh97k,"2020-02-13 12:40:45",9xrw9wch,0,5,0,0,0,0,0,0,0,0,0,0,0,0,0,0,0,0,0
22yt79re2w,"2020-02-13 12:41:29",9xrw9wch,0,5,0,0,0,0,0,0,0,0,0,0,0,0,0,0,0,0,0
wr2n99h35c,"2020-02-13 12:45:15",9xrw9wch,0,5,0,0,0,0,0,0,0,0,0,0,0,0,0,0,0,0,0
dnhdxw5x21,"2020-02-13 12:47:09",9xrw9wch,0,0,0,5,0,0,0,0,0,0,0,0,0,0,0,0,0,0,0
k7d749c4pc,"2020-02-13 12:50:20",9xrw9wch,0,5,0,0,0,0,0,0,0,0,0,0,0,0,0,0,0,0,0
9rnx5wettn,"2020-02-13 12:53:02",9xrw9wch,0,0,0,0,0,0,0,0,0,0,0,0,0,0,0,0,5,0,0
2w7x2x465s,"2020-02-13 12:54:33",9xrw9wch,0,5,0,0,0,4,0,0,0,0,0,0,0,0,0,0,0,0,0
y4c7cpx6y5,"2020-02-13 12:56:07",9xrw9wch,0,4,4,4,4,0,0,0,0,0,0,3,4,0,0,0,0,0,0
91yzayfk9a,"2020-02-13 13:01:37",9xrw9wch,0,0,0,5,0,1,0,0,0,0,0,0,0,0,0,0,0,0,0
46nfk6xac2,"2020-02-13 13:06:30",9xrw9wch,0,5,0,0,0,0,0,0,0,0,0,0,0,0,0,0,0,0,0
dawkx4h9rf,"2020-02-13 13:06:40",9xrw9wch,0,0,0,5,0,0,0,0,0,0,0,0,0,0,0,0,0,0,0
15s75p9sdn,"2020-02-13 13:07:04",9xrw9wch,0,5,0,0,0,2,0,0,0,0,0,0,0,0,0,0,0,0,0
6h9ft1wk9x,"2020-02-13 13:10:53",9xrw9wch,0,5,0,0,0,0,0,0,0,0,0,0,0,0,0,0,0,0,0
mdxnr31x79,"2020-02-13 13:17:53",9xrw9wch,0,1,5,0,0,0,0,0,0,0,0,0,0,0,0,0,5,0,0
eswpde5sce,"2020-02-13 13:35:23",9xrw9wch,2,0,0,0,0,0,0,3,0,0,0,0,0,0,0,0,4,0,0
4xkcdrskwx,"2020-02-13 13:41:05",9xrw9wch,0,5,0,0,0,0,0,0,0,0,0,0,0,0,0,0,0,0,0
a7tk75726d,"2020-02-13 13:44:35",9xrw9wch,0,5,0,0,0,0,0,0,0,0,0,0,0,0,0,0,0,0,0
nhndny9szd,"2020-02-13 13:47:32",9xrw9wch,5,5,2,4,2,5,3,1,4,4,3,3,3,1,4,3,1,3,3
mxtp44zktm,"2020-02-13 13:50:04",9xrw9wch,5,4,1,5,1,3,1,1,1,1,1,1,1,1,1,1,1,1,1
dnyss9h74e,"2020-02-13 13:56:02",9xrw9wch,0,5,0,0,0,5,0,0,0,0,0,0,0,0,0,0,0,0,0
sae2resc73,"2020-02-13 14:07:23",9xrw9wch,0,5,0,0,0,0,0,0,0,0,0,0,0,0,0,0,0,0,0
hcmrf7dxyd,"2020-02-13 14:10:46",9xrw9wch,0,5,0,4,0,0,0,0,0,0,0,0,0,0,0,0,0,0,0
3s9ra5fds7,"2020-02-13 14:10:58",9xrw9wch,0,5,0,0,0,0,0,0,0,0,0,0,0,0,0,0,0,0,0
yns4m1pr5m,"2020-02-13 14:12:26",9xrw9wch,0,5,0,0,0,0,0,0,0,0,0,0,0,0,0,0,0,0,0
ccwt32d9n5,"2020-02-13 14:14:21",9xrw9wch,0,5,0,3,0,0,0,0,0,0,0,0,0,0,0,0,0,0,0
myhp34awwt,"2020-02-13 14:14:58",9xrw9wch,0,1,0,0,0,4,0,0,0,0,0,0,0,0,0,0,5,0,0
dmh4mwyxk6,"2020-02-13 14:15:33",9xrw9wch,0,5,0,0,0,0,0,0,0,0,0,0,0,0,0,0,0,0,0
dpmzpc13sh,"2020-02-13 14:21:29",9xrw9wch,0,0,0,0,0,0,0,0,0,0,0,0,0,0,0,0,5,0,0
exnnaascsd,"2020-02-13 14:22:10",9xrw9wch,0,5,0,0,0,0,0,0,0,0,0,0,0,0,0,0,0,0,0
w1y41htm3p,"2020-02-13 14:27:59",9xrw9wch,0,5,0,0,0,0,0,0,0,0,0,0,0,0,0,0,0,0,0
mt3fprad9y,"2020-02-13 14:34:09",9xrw9wch,0,0,0,0,0,0,0,0,0,0,0,0,0,0,0,0,5,0,0
x5fdwm9f2r,"2020-02-13 14:35:51",9xrw9wch,0,5,1,1,1,3,1,1,1,1,1,1,1,1,1,1,1,1,1
x1kr34ze19,"2020-02-13 14:36:59",9xrw9wch,0,5,0,0,0,0,0,0,0,0,0,0,0,0,0,0,0,0,0
ns9rtnww5s,"2020-02-13 14:38:23",9xrw9wch,0,5,0,0,0,0,0,0,0,0,0,0,0,0,0,0,0,0,0
1n6dskapdh,"2020-02-13 14:38:37",9xrw9wch,0,4,5,0,0,0,0,0,0,0,0,0,0,0,0,0,0,0,0
r19h429pft,"2020-02-13 14:38:54",9xrw9wch,0,0,0,5,0,0,0,0,0,0,0,0,0,0,0,0,0,0,0
x3dh7zzwyk,"2020-02-13 14:40:57",9xrw9wch,0,5,0,0,0,0,0,0,0,0,0,0,0,0,0,0,0,0,0
ex6hd32en5,"2020-02-13 14:43:05",9xrw9wch,0,5,0,0,0,0,0,0,0,0,0,0,0,0,0,0,0,0,0
zrw6y1tw2r,"2020-02-13 14:50:43",9xrw9wch,0,5,0,0,0,5,0,0,0,0,0,0,0,0,0,0,0,0,0
3221xtx2cf,"2020-02-13 14:55:00",9xrw9wch,0,0,0,4,0,0,3,1,0,2,0,3,0,0,0,0,5,0,0
fzsnc5a4h4,"2020-02-13 15:10:21",9xrw9wch,0,5,0,0,0,0,0,0,0,0,0,0,0,0,0,0,0,0,0
pske6m4cpx,"2020-02-13 15:14:24",9xrw9wch,1,5,0,5,3,4,3,0,0,3,3,4,3,4,4,0,0,0,3
m3yaa224py,"2020-02-13 15:15:48",9xrw9wch,0,5,0,0,0,0,0,0,0,0,0,0,0,0,0,0,0,0,0
wzfr4hc9p4,"2020-02-13 15:15:53",9xrw9wch,0,5,0,0,0,0,0,0,0,0,0,0,0,0,0,0,0,0,0
5k2retewt7,"2020-02-13 15:16:59",9xrw9wch,3,1,3,3,2,1,4,2,1,5,1,2,1,1,1,1,1,1,1
wmrxkppftd,"2020-02-13 15:19:37",9xrw9wch,0,0,0,0,0,5,0,0,0,0,0,0,0,0,0,0,0,0,0
a26hhnfpzk,"2020-02-13 15:21:49",9xrw9wch,0,0,0,5,0,0,0,0,0,0,0,0,0,0,0,0,0,0,0
wmrcdzersf,"2020-02-13 15:21:53",9xrw9wch,0,5,0,0,0,0,0,0,0,0,0,0,0,0,0,0,0,0,0
9469n6pdpw,"2020-02-13 15:25:28",9xrw9wch,0,5,0,3,0,3,0,0,0,0,0,3,0,0,3,0,0,0,0
9s126cmxca,"2020-02-13 15:27:03",9xrw9wch,0,5,0,0,0,0,0,0,0,0,0,0,0,0,0,0,0,0,0
h1tr7twnpr,"2020-02-13 15:28:48",9xrw9wch,0,5,0,0,0,0,0,0,0,0,0,0,0,0,0,0,0,0,0
3kd4n4e6nz,"2020-02-13 15:30:34",9xrw9wch,3,4,3,5,4,1,4,3,2,4,3,4,4,3,3,3,3,3,3
d5et2hmnne,"2020-02-13 15:36:37",9xrw9wch,0,5,0,0,0,0,0,0,0,0,0,0,0,0,0,0,0,0,0
9193mc9sr7,"2020-02-13 15:48:57",9xrw9wch,0,5,0,0,0,0,0,0,0,0,0,0,0,0,0,0,0,0,0
mem2kpesdf,"2020-02-13 16:04:26",9xrw9wch,0,5,0,0,0,5,0,0,0,0,0,0,0,0,0,0,0,0,0
2tn45tcx9m,"2020-02-13 16:04:30",9xrw9wch,0,5,0,0,0,4,0,0,0,0,0,0,0,0,0,0,0,0,0
c4pk6nhz96,"2020-02-13 16:06:57",9xrw9wch,0,0,0,5,0,0,0,0,0,0,0,0,0,0,0,0,0,0,0
fpt9wrthta,"2020-02-13 16:13:00",9xrw9wch,2,1,3,3,0,1,5,2,0,4,0,3,0,0,0,0,0,0,0
6wcxea1f5k,"2020-02-13 16:29:30",9xrw9wch,0,5,0,0,0,0,0,0,0,0,0,0,0,0,0,0,0,0,0
c4ctrz9rcz,"2020-02-13 16:30:12",9xrw9wch,0,5,0,4,0,0,0,0,0,0,0,0,0,0,0,0,0,0,0
w2dpat7nnp,"2020-02-13 16:33:56",9xrw9wch,0,5,0,0,0,0,0,0,0,0,0,0,0,0,0,0,0,0,0
71nwksky4s,"2020-02-13 16:40:50",9xrw9wch,0,5,0,0,0,0,0,0,0,0,0,0,0,0,0,0,0,0,0
hrknnd27hh,"2020-02-13 16:46:30",9xrw9wch,0,5,0,0,0,0,0,0,0,0,0,0,0,0,0,0,0,0,0
12h1sy9nxh,"2020-02-13 16:47:22",9xrw9wch,1,5,1,1,1,1,1,0,1,1,1,1,1,1,1,1,1,1,1
fnyc1yedxn,"2020-02-13 16:56:15",9xrw9wch,0,5,0,0,0,0,0,0,0,0,0,0,0,0,0,0,0,0,0
m162nywa7y,"2020-02-13 16:59:44",9xrw9wch,0,5,0,2,0,0,0,0,0,0,0,0,0,0,0,0,0,0,0
mhke7f66ft,"2020-02-13 17:01:03",9xrw9wch,0,5,0,0,0,5,0,0,0,0,0,0,0,0,0,0,0,0,0
e2r5x4yhe6,"2020-02-13 17:04:55",9xrw9wch,0,5,0,3,0,0,0,0,0,0,0,0,0,0,0,0,0,0,0
7t9m9kma21,"2020-02-13 17:06:14",9xrw9wch,0,3,0,5,5,0,5,0,0,0,0,0,0,0,0,0,5,0,0
yxeyk6xyzk,"2020-02-13 17:09:42",9xrw9wch,2,5,3,3,3,3,3,1,4,3,3,3,3,3,3,3,4,3,3
t676ye6h3h,"2020-02-13 17:09:54",9xrw9wch,5,0,0,0,0,0,0,0,0,0,0,0,0,0,0,0,0,0,0
hynttp3kd6,"2020-02-13 17:11:39",9xrw9wch,0,5,0,0,0,0,0,0,0,0,0,0,0,0,0,0,0,0,0
xke1c1pfdc,"2020-02-13 17:11:51",9xrw9wch,0,5,0,0,0,0,0,0,0,0,0,0,0,0,0,0,0,0,0
ea7r95zr9t,"2020-02-13 17:14:00",9xrw9wch,5,5,2,3,0,1,2,2,2,2,2,2,1,2,2,2,2,2,1
thknc173a2,"2020-02-13 17:27:22",9xrw9wch,5,0,0,0,0,0,0,0,0,0,0,0,0,0,0,0,0,0,0
phd6m1sp4e,"2020-02-13 17:39:35",9xrw9wch,0,5,0,0,0,0,0,0,0,0,0,0,0,0,0,0,0,0,0
19mxp7x144,"2020-02-13 17:41:11",9xrw9wch,0,5,0,0,0,0,0,0,0,0,0,0,0,0,0,0,0,0,0
hmehpscrzx,"2020-02-13 17:49:13",9xrw9wch,3,5,4,5,2,1,0,1,0,5,0,0,0,0,0,1,3,0,0
cfenztdx9h,"2020-02-13 17:51:53",9xrw9wch,0,5,0,0,0,4,0,0,0,0,0,0,0,0,0,0,0,0,0
fn5p1pc32c,"2020-02-13 17:52:23",9xrw9wch,4,5,0,5,0,2,0,2,1,0,0,2,0,0,0,2,3,0,0
a1zcwctxk4,"2020-02-13 17:59:00",9xrw9wch,0,5,0,0,0,0,0,0,0,0,0,0,0,0,0,0,0,0,0
wf46zftfrt,"2020-02-13 18:01:53",9xrw9wch,0,5,0,0,0,0,0,0,0,0,0,0,0,0,0,0,0,0,0
5wmdezyk1f,"2020-02-13 18:03:12",9xrw9wch,2,5,5,5,1,5,1,1,1,3,1,0,1,3,1,3,5,1,1
wc4e3xsffr,"2020-02-13 18:25:06",9xrw9wch,0,5,0,0,0,0,0,0,0,0,0,0,0,0,0,0,0,0,0
f5syf24kzt,"2020-02-13 18:26:06",9xrw9wch,0,5,0,0,0,0,0,0,0,0,0,0,0,0,0,0,0,0,0
xmeysktrr4,"2020-02-13 18:30:56",9xrw9wch,2,0,0,2,1,1,0,0,1,0,0,0,0,0,0,0,5,0,0
c61162d9hw,"2020-02-13 18:32:50",9xrw9wch,0,3,5,4,0,4,0,0,3,0,0,0,0,0,0,0,5,0,0
5rs66c1aa7,"2020-02-13 18:33:25",9xrw9wch,0,5,0,0,0,1,0,0,0,0,0,0,0,0,0,0,0,0,0
4hdmmf2xta,"2020-02-13 18:47:06",9xrw9wch,0,5,0,0,0,0,0,0,0,0,0,0,0,0,0,0,0,0,0
4c7ct6kdzf,"2020-02-13 19:01:07",9xrw9wch,0,5,0,0,0,0,0,0,0,0,0,0,0,0,0,0,0,0,0
mser3kr4e1,"2020-02-13 19:01:30",9xrw9wch,0,5,0,0,0,0,0,0,0,0,0,0,0,0,0,0,0,0,0
kd97zdnwy7,"2020-02-13 19:03:00",9xrw9wch,0,0,0,5,0,0,0,0,0,0,0,0,0,0,0,0,0,0,0
c5e267hemx,"2020-02-13 19:07:57",9xrw9wch,0,5,0,0,0,5,0,0,0,0,0,0,0,0,0,0,0,0,0
m93ytp7aca,"2020-02-13 19:09:45",9xrw9wch,0,5,0,0,0,0,0,0,0,0,0,0,0,0,0,0,0,0,0
3psa412zm4,"2020-02-13 19:16:16",9xrw9wch,0,5,0,0,0,0,0,0,0,0,0,0,0,0,0,0,0,0,0
7csp4nhhn2,"2020-02-13 19:17:00",9xrw9wch,0,5,0,0,0,5,0,0,0,0,0,0,0,0,0,0,0,0,0
z5sm5zd535,"2020-02-13 19:23:26",9xrw9wch,0,5,0,0,0,5,0,0,0,0,0,0,0,0,0,0,0,0,0
tcf64ep9d6,"2020-02-13 19:30:42",9xrw9wch,0,5,0,0,0,0,0,0,0,0,0,0,0,0,0,0,0,0,0
msxyhtcnc7,"2020-02-13 19:33:21",9xrw9wch,0,5,0,0,0,0,0,0,0,0,0,0,0,0,0,0,0,0,0
m1yksrya3c,"2020-02-13 19:41:01",9xrw9wch,0,5,0,4,0,0,0,0,0,0,0,0,0,0,0,0,0,0,0
344pm5mf23,"2020-02-13 19:42:04",9xrw9wch,0,5,0,0,0,2,2,0,0,0,0,0,0,0,0,0,3,0,0
277tywe376,"2020-02-13 19:47:19",9xrw9wch,5,0,0,0,0,0,0,0,0,0,0,0,0,0,0,0,0,0,0
71dat59cyk,"2020-02-13 19:49:13",9xrw9wch,5,0,4,0,0,0,0,0,0,0,0,0,0,0,0,0,0,0,0
da21smp25f,"2020-02-13 19:52:33",9xrw9wch,1,5,3,3,1,4,1,1,1,1,1,1,1,1,1,1,4,1,1
c4z5rxfs5m,"2020-02-13 19:59:03",9xrw9wch,1,5,3,2,1,1,2,2,0,1,0,3,0,0,0,0,2,0,0
phwse4afww,"2020-02-13 20:00:00",9xrw9wch,0,5,0,0,0,0,0,0,0,0,0,0,0,0,0,0,0,0,0
xzdfz46swz,"2020-02-13 20:06:42",9xrw9wch,0,5,0,0,0,0,0,0,0,0,0,0,0,0,0,0,0,0,0
rfkwntk62w,"2020-02-13 20:07:33",9xrw9wch,0,5,0,0,0,3,0,0,0,0,0,0,0,0,0,0,4,0,0
45s4eemdxe,"2020-02-13 20:11:08",9xrw9wch,0,5,3,4,0,3,2,0,0,1,0,0,0,1,0,0,0,0,0
nx55f62hxm,"2020-02-13 20:24:41",9xrw9wch,1,5,5,5,2,1,2,1,0,2,0,5,0,0,0,0,5,0,0
ct4s94hwny,"2020-02-13 20:26:55",9xrw9wch,0,5,0,0,0,0,0,0,0,0,0,0,0,0,0,0,0,0,0
ttt5yw2m53,"2020-02-13 20:33:44",9xrw9wch,0,5,0,0,0,0,0,0,0,0,0,0,0,0,0,0,0,0,0
ywfa7d9k22,"2020-02-13 20:37:23",9xrw9wch,5,0,1,0,0,0,0,0,0,0,0,1,0,0,0,0,0,0,0
yp132cxtr1,"2020-02-13 20:37:35",9xrw9wch,0,5,0,0,0,0,0,0,0,0,0,0,0,0,0,0,0,0,0
d3mh139xr9,"2020-02-13 20:38:52",9xrw9wch,0,5,0,0,0,0,0,0,0,0,0,0,0,0,0,0,0,0,0
133w4kkdhc,"2020-02-13 20:42:26",9xrw9wch,1,1,2,3,3,2,3,1,5,3,1,1,2,3,1,2,1,0,1
ap1xp2nmzy,"2020-02-13 20:42:27",9xrw9wch,5,0,0,0,0,0,0,0,0,0,0,0,0,0,0,0,0,0,0
yetfdn6fw5,"2020-02-13 20:47:36",9xrw9wch,0,5,0,5,0,4,0,0,0,0,0,0,0,0,0,0,0,0,0
9793af571n,"2020-02-13 21:00:28",9xrw9wch,0,5,0,0,0,0,0,0,0,0,0,0,0,0,0,0,0,0,0
na7wtwc63p,"2020-02-13 21:05:52",9xrw9wch,0,3,4,4,0,0,0,0,0,0,0,4,0,0,0,0,0,0,0
y9esn32k49,"2020-02-13 21:10:32",9xrw9wch,0,5,0,0,0,0,0,0,0,0,0,0,0,0,0,0,0,0,0
awh59rdz93,"2020-02-13 21:12:18",9xrw9wch,0,5,0,0,0,0,0,0,0,0,0,0,0,0,0,0,0,0,0
k5n42ymyme,"2020-02-13 21:24:13",9xrw9wch,5,0,5,0,0,0,5,0,0,5,0,0,0,0,0,0,0,0,0
s4kr7fcnc9,"2020-02-13 21:26:21",9xrw9wch,0,5,0,0,0,0,0,0,0,0,0,0,0,0,0,0,0,0,0
espncyyykz,"2020-02-13 21:27:26",9xrw9wch,5,0,0,0,0,0,0,0,0,0,0,0,0,0,0,0,0,0,0
a172zzmt7f,"2020-02-13 21:27:28",9xrw9wch,0,4,0,5,0,0,0,0,0,0,0,0,0,0,0,0,0,0,0
7tspa2y61x,"2020-02-13 21:31:56",9xrw9wch,0,5,0,0,0,0,0,0,0,0,0,0,0,0,0,0,0,0,0
yn4145mza9,"2020-02-13 21:32:06",9xrw9wch,0,5,0,0,0,0,0,0,0,0,0,0,0,0,0,0,0,0,0
meymkf7y9d,"2020-02-13 21:32:44",9xrw9wch,0,5,1,0,0,0,1,2,0,0,0,2,0,1,0,0,0,0,0
7hsdanrttz,"2020-02-13 21:41:40",9xrw9wch,0,5,0,0,0,0,0,0,0,0,0,0,0,0,0,0,0,0,0
a39przkyhh,"2020-02-13 21:46:17",9xrw9wch,5,0,3,2,0,0,0,2,0,4,0,4,0,0,0,0,4,0,0
z9rs97ntys,"2020-02-13 21:48:11",9xrw9wch,0,5,0,0,0,0,0,0,0,0,0,0,0,0,0,0,0,0,0
ytnmkh3sw1,"2020-02-13 21:57:15",9xrw9wch,0,5,0,0,0,0,0,0,0,0,0,0,0,0,0,0,0,0,0
5af32a66rr,"2020-02-13 21:59:13",9xrw9wch,0,5,0,0,0,0,0,0,0,0,0,0,0,0,0,0,0,0,0
3dnwwtwp2d,"2020-02-13 21:59:39",9xrw9wch,0,5,0,0,0,0,0,0,0,0,0,0,0,0,0,0,0,0,0
d7cx9p76wc,"2020-02-13 22:03:19",9xrw9wch,0,5,0,0,0,0,0,0,0,0,0,0,0,0,0,0,0,0,0
5nh7ws2sd9,"2020-02-13 22:09:17",9xrw9wch,0,5,0,0,0,0,0,0,0,0,0,0,0,0,0,0,0,0,0
r7h4r1z21n,"2020-02-13 22:18:37",9xrw9wch,0,5,0,0,0,0,0,0,0,0,0,0,0,0,0,0,0,0,0
244sfad4md,"2020-02-13 22:26:12",9xrw9wch,0,5,0,0,0,0,0,0,0,0,0,0,0,0,0,0,0,0,0
sehenwykk1,"2020-02-13 22:29:39",9xrw9wch,0,5,0,0,0,0,0,0,0,0,0,0,0,0,0,0,0,0,0
5756k6r6th,"2020-02-13 22:37:59",9xrw9wch,0,5,0,0,0,0,0,0,0,0,0,0,0,0,0,0,0,0,0
myk74m1ae3,"2020-02-13 22:48:04",9xrw9wch,0,5,0,0,0,0,0,0,0,0,0,0,0,0,0,0,0,0,0
pseey3rhrp,"2020-02-13 22:55:00",9xrw9wch,0,5,0,0,0,0,0,0,0,0,0,0,0,0,0,0,0,0,0
zdc6mmskke,"2020-02-13 23:07:45",9xrw9wch,0,5,0,0,0,0,0,0,0,0,0,0,0,0,0,0,0,0,0
12rw7taz5z,"2020-02-13 23:17:38",9xrw9wch,0,5,5,0,0,4,0,0,0,0,0,3,0,0,0,0,3,0,0
r3p7x7d4a7,"2020-02-13 23:18:48",9xrw9wch,1,0,1,0,0,0,0,0,0,0,0,0,0,0,0,0,5,0,0
zpk5tar9f6,"2020-02-13 23:24:56",9xrw9wch,3,4,0,3,0,0,4,0,0,0,0,0,0,0,0,0,3,0,0
ky337wc39n,"2020-02-13 23:26:13",9xrw9wch,0,0,0,5,0,4,0,5,0,0,0,0,0,0,0,4,0,0,0
zt9kaz1h47,"2020-02-13 23:29:41",9xrw9wch,0,5,0,0,0,0,0,0,0,0,0,0,0,0,0,0,0,0,0
af6pdzkzz9,"2020-02-13 23:30:20",9xrw9wch,0,5,0,0,0,0,0,0,0,0,0,0,0,0,0,0,0,0,0
z5yftdkxsc,"2020-02-13 23:32:56",9xrw9wch,0,5,0,0,0,0,0,0,0,0,0,0,0,0,0,0,0,0,0
k2n16hxfk6,"2020-02-13 23:33:37",9xrw9wch,0,5,0,0,0,0,0,0,0,0,0,0,0,0,0,0,0,0,0
mtkt2dk1hn,"2020-02-13 23:38:08",9xrw9wch,0,5,0,0,0,0,0,0,0,0,0,0,0,0,0,0,0,0,0
x92nwf111f,"2020-02-13 23:56:24",9xrw9wch,0,5,0,0,0,0,0,0,0,0,0,0,0,0,0,0,0,0,0
y1p6nda1ry,"2020-02-14 00:19:30",9xrw9wch,0,0,0,0,0,0,0,0,0,0,0,0,0,0,0,0,5,0,0
mra3phn1hk,"2020-02-14 00:32:01",9xrw9wch,0,5,0,0,0,0,0,0,0,0,0,0,0,0,0,0,0,0,0
n6achnpw6y,"2020-02-14 00:52:38",9xrw9wch,0,5,0,0,0,0,0,0,0,0,0,0,0,0,0,0,0,0,0
kxn1w9t7ma,"2020-02-14 00:52:57",9xrw9wch,0,5,0,0,0,0,0,0,0,0,0,0,0,0,0,0,0,0,0
syackwd95c,"2020-02-14 00:57:10",9xrw9wch,0,5,0,0,0,5,0,0,0,0,0,0,0,0,0,0,0,0,0
h4fmp24ma3,"2020-02-14 00:57:27",9xrw9wch,0,5,0,0,0,0,0,0,0,0,0,0,0,0,0,0,0,0,0
2dzs4c5s3f,"2020-02-14 01:00:31",9xrw9wch,0,5,0,0,0,0,0,0,0,0,0,0,0,0,0,0,0,0,0
pca9n5sdt4,"2020-02-14 01:04:05",9xrw9wch,0,5,0,0,0,0,0,0,0,0,0,0,0,0,0,0,0,0,0
y7azex1fm6,"2020-02-14 01:08:58",9xrw9wch,0,5,0,0,0,0,0,0,0,0,0,0,0,0,0,0,0,0,0
rt3cax5st1,"2020-02-14 01:24:32",9xrw9wch,0,5,0,0,0,4,0,0,0,0,0,0,0,0,0,0,0,0,0
y4trnr6fxw,"2020-02-14 01:30:38",9xrw9wch,0,5,0,0,0,0,0,0,0,0,0,0,0,0,0,0,0,0,0
r593yfzpcz,"2020-02-14 01:53:34",9xrw9wch,0,2,0,5,0,3,0,0,0,0,0,0,0,0,0,0,0,0,0
nmz2cscc2k,"2020-02-14 02:06:43",9xrw9wch,0,5,0,0,0,0,0,0,0,0,0,0,0,0,0,0,0,0,0
cct99dsty1,"2020-02-14 02:09:06",9xrw9wch,0,5,0,0,0,0,0,0,0,0,0,0,0,0,0,0,0,0,0
fe455yms5y,"2020-02-14 02:29:26",9xrw9wch,0,5,0,0,0,0,0,0,0,0,0,0,0,0,0,0,0,0,0
xfft6ce137,"2020-02-14 02:33:48",9xrw9wch,0,5,0,0,0,0,0,0,0,0,0,0,0,0,0,0,0,0,0
31zwts3yds,"2020-02-14 02:34:07",9xrw9wch,0,5,0,0,0,5,0,0,0,0,0,0,0,0,0,0,0,0,0
e4ah2s3t2x,"2020-02-14 02:39:19",9xrw9wch,0,5,0,0,0,0,0,0,0,0,0,0,0,0,0,0,0,0,0
se54mhwnkr,"2020-02-14 03:02:23",9xrw9wch,0,5,0,0,0,0,0,0,0,0,0,0,0,0,0,0,0,0,0
ssddd5kr79,"2020-02-14 03:19:39",9xrw9wch,0,0,0,5,0,0,0,0,0,0,0,0,0,0,0,0,0,0,0
kz1p2z7t9t,"2020-02-14 03:19:53",9xrw9wch,0,5,0,0,0,0,0,0,0,0,0,0,0,0,0,0,0,0,0
yzm6xe36ck,"2020-02-14 03:20:18",9xrw9wch,0,5,0,0,0,0,0,0,0,0,0,0,0,0,0,0,0,0,0
9z4sc1etwa,"2020-02-14 03:20:40",9xrw9wch,0,1,0,0,0,0,0,0,0,0,0,0,0,0,0,0,0,0,0
4kr6ft34rd,"2020-02-14 03:21:34",9xrw9wch,1,5,1,1,1,2,1,1,1,1,1,1,1,1,3,1,1,1,1
tyr3ps1h6e,"2020-02-14 03:28:33",9xrw9wch,0,5,0,0,0,0,0,0,0,0,0,0,0,0,0,0,0,0,0
yf23d2w762,"2020-02-14 03:31:03",9xrw9wch,0,5,0,0,0,0,0,0,0,0,0,0,0,0,0,0,0,0,0
rpzp74e3fa,"2020-02-14 03:44:56",9xrw9wch,0,5,0,0,0,3,0,0,0,0,0,0,0,0,0,0,0,0,0
atmffcwkm4,"2020-02-14 04:20:15",9xrw9wch,0,0,0,0,0,0,0,0,0,0,0,0,0,0,0,0,5,0,0
fk9154dytm,"2020-02-14 04:30:10",9xrw9wch,0,5,0,0,0,0,0,0,0,0,0,0,0,0,0,0,0,0,0
xsafwc5tzk,"2020-02-14 04:33:33",9xrw9wch,0,5,0,0,0,0,0,0,0,0,0,0,0,0,0,0,0,0,0
rsnyx9y7wp,"2020-02-14 05:02:49",9xrw9wch,0,0,0,5,0,0,0,0,0,0,0,0,0,0,0,0,0,0,0
32tt3at7ha,"2020-02-14 05:20:22",9xrw9wch,0,5,0,0,0,0,0,0,0,0,0,0,0,0,0,0,0,0,0
wtw335hze5,"2020-02-14 05:20:59",9xrw9wch,5,0,4,0,0,0,0,0,2,0,0,0,0,0,0,0,4,0,0
krhtt5dmnp,"2020-02-14 05:23:04",9xrw9wch,0,5,0,0,0,0,0,0,0,0,0,0,0,0,0,0,0,0,0
43fawx9kt3,"2020-02-14 05:35:13",9xrw9wch,0,5,0,0,0,0,0,0,0,0,0,0,0,0,0,0,0,0,0
17af42hw54,"2020-02-14 05:46:28",9xrw9wch,0,5,0,0,0,3,0,0,0,0,0,0,0,0,0,0,0,0,0
pshzzc1ftc,"2020-02-14 05:52:00",9xrw9wch,0,5,0,0,0,0,0,0,0,0,0,0,0,0,0,0,0,0,0
xrma1rnanm,"2020-02-14 05:53:35",9xrw9wch,0,5,0,0,0,0,0,0,0,0,0,0,0,0,4,0,0,0,0
zdkfw4py1a,"2020-02-14 06:00:50",9xrw9wch,0,5,0,0,0,0,0,0,0,0,0,0,0,0,0,0,0,0,0
n6ks7psch2,"2020-02-14 06:15:00",9xrw9wch,0,5,0,0,0,0,0,0,0,0,0,0,0,0,0,0,3,0,0
asxxw7as92,"2020-02-14 06:18:32",9xrw9wch,5,1,4,0,0,1,3,0,0,1,0,4,0,0,0,0,1,0,0
fe2rwzrxx1,"2020-02-14 06:48:43",9xrw9wch,3,3,3,3,3,5,3,3,3,3,3,3,3,3,3,3,3,3,3
pm5fdftpfk,"2020-02-14 06:50:57",9xrw9wch,0,5,0,0,0,0,0,0,0,0,0,0,0,0,0,0,0,0,0
dc444399ky,"2020-02-14 06:52:50",9xrw9wch,2,5,3,3,2,3,2,3,3,2,2,2,3,4,1,3,2,3,3
yzkh5cdx1m,"2020-02-14 06:53:48",9xrw9wch,0,5,0,0,0,0,0,0,0,0,0,0,0,0,0,0,0,0,0
7sz99xfr2e,"2020-02-14 07:06:24",9xrw9wch,0,5,0,0,0,0,0,0,0,0,0,0,0,0,0,0,0,0,0
cdt7awh4z6,"2020-02-14 07:07:20",9xrw9wch,0,5,0,0,0,0,0,0,0,0,0,0,0,0,0,0,0,0,0
zkz7tff6hn,"2020-02-14 07:07:47",9xrw9wch,0,5,0,0,0,0,0,0,0,0,0,0,0,0,0,0,0,0,0
fz2y9n7y1d,"2020-02-14 07:08:26",9xrw9wch,0,5,0,0,0,0,0,0,0,0,0,0,0,0,0,0,0,0,0
66n3nx7hse,"2020-02-14 07:22:40",9xrw9wch,2,1,2,1,0,0,0,0,0,5,0,5,0,0,0,0,2,0,0
snpx74ry65,"2020-02-14 07:30:08",9xrw9wch,0,0,0,2,0,0,0,0,0,4,0,5,0,1,3,0,5,0,0
p7znytpc34,"2020-02-14 07:34:12",9xrw9wch,0,5,0,0,0,4,0,0,0,0,0,0,0,0,0,0,0,0,0
yn496rwcxc,"2020-02-14 07:34:17",9xrw9wch,0,5,0,0,0,0,0,0,0,0,0,0,0,0,0,0,0,0,0
1z6mnzf9pp,"2020-02-14 07:56:29",9xrw9wch,0,5,0,3,0,3,0,0,0,0,0,0,0,0,0,0,3,0,0
x45h7r61dk,"2020-02-14 08:01:49",9xrw9wch,0,5,0,0,0,3,0,0,0,0,0,0,0,0,0,0,0,0,0
cccrcmyzw3,"2020-02-14 08:06:33",9xrw9wch,0,5,0,0,0,0,0,0,0,0,0,0,0,0,0,0,0,0,0
f4tpykszd1,"2020-02-14 08:12:00",9xrw9wch,0,5,0,0,0,0,0,0,0,0,0,0,0,0,0,0,0,0,0
zw2fzcacn2,"2020-02-14 08:13:17",9xrw9wch,0,5,0,0,0,0,0,0,0,0,0,0,0,0,0,0,0,0,0
wz9s1h7mms,"2020-02-14 08:14:52",9xrw9wch,0,5,0,0,0,0,0,0,0,0,0,0,0,0,0,0,0,0,0
danyr9h1kt,"2020-02-14 08:19:17",9xrw9wch,0,5,0,5,0,5,0,0,0,0,0,0,0,0,0,0,0,0,0
6atc552xft,"2020-02-14 08:54:14",9xrw9wch,0,5,0,0,0,1,0,0,0,0,0,0,0,0,0,0,0,0,0
w31znptzzf,"2020-02-14 08:56:29",9xrw9wch,0,5,0,0,0,0,0,0,0,0,0,0,0,0,0,0,0,0,0
yf4nzy317m,"2020-02-14 09:04:14",9xrw9wch,0,0,0,0,0,0,0,0,0,0,0,5,0,0,0,0,0,0,0
km7hawewm9,"2020-02-14 09:06:54",9xrw9wch,0,5,0,0,0,0,0,0,0,0,0,0,0,0,0,0,0,0,0
nepph6zz5p,"2020-02-14 09:12:41",9xrw9wch,0,5,0,0,0,0,0,0,0,0,0,0,0,0,0,0,0,0,0
rz2ys7zzsf,"2020-02-14 09:13:12",9xrw9wch,5,0,0,0,0,0,0,0,0,3,0,4,0,0,0,0,0,0,2
w15w9wc1eh,"2020-02-14 09:25:38",9xrw9wch,0,5,0,0,0,0,0,0,0,0,0,0,0,0,0,0,0,0,0
xsz7y2aykh,"2020-02-14 09:28:53",9xrw9wch,0,5,0,0,0,0,0,0,0,0,0,0,0,0,0,0,0,0,0
w2xyd12x67,"2020-02-14 09:34:16",9xrw9wch,0,5,0,0,0,4,0,0,0,0,0,0,0,0,0,0,0,0,0
rc11623f3r,"2020-02-14 09:38:32",9xrw9wch,0,5,0,0,0,0,0,0,0,0,0,0,0,0,0,0,0,0,0
cs7kfehtak,"2020-02-14 09:41:16",9xrw9wch,0,5,0,0,0,0,0,0,0,0,0,0,0,0,0,0,0,0,0
66w37c1m3c,"2020-02-14 09:45:43",9xrw9wch,2,3,3,3,3,0,4,0,2,4,0,5,0,0,0,0,5,0,0
t25xzs6dz6,"2020-02-14 09:48:21",9xrw9wch,0,5,0,0,0,0,0,0,0,0,0,0,0,0,0,0,0,0,0
ah9f1e5ey5,"2020-02-14 09:49:36",9xrw9wch,0,5,0,0,0,0,0,0,0,0,0,0,0,0,0,0,0,0,0
m7dzk4e4w4,"2020-02-14 09:51:09",9xrw9wch,1,5,0,5,0,3,0,4,0,0,0,0,0,0,0,0,5,0,0
71wfs5kdcd,"2020-02-14 09:58:31",9xrw9wch,0,1,0,5,0,0,0,0,0,0,0,0,0,0,0,0,0,0,0
srnz44mzy9,"2020-02-14 10:07:09",9xrw9wch,0,3,4,2,4,2,2,1,1,4,1,5,1,0,1,1,3,1,0
3a59m9kt76,"2020-02-14 10:07:36",9xrw9wch,3,0,3,3,0,4,4,0,4,4,0,5,0,4,0,0,5,0,0
n3rds4kn4t,"2020-02-14 10:30:52",9xrw9wch,0,5,0,0,0,0,0,0,0,0,0,0,0,0,0,0,0,0,0
s2e1ad914s,"2020-02-14 10:38:20",9xrw9wch,2,5,0,3,0,2,0,3,0,0,0,0,0,0,4,0,0,0,0
kmknw2xmsy,"2020-02-14 10:40:02",9xrw9wch,0,5,0,0,0,0,0,0,0,0,0,0,0,0,0,0,0,0,0
nrs3frh9c9,"2020-02-14 10:48:30",9xrw9wch,0,5,0,0,0,0,0,0,0,0,0,0,0,0,0,0,0,0,0
emxspres94,"2020-02-14 10:49:12",9xrw9wch,1,5,1,4,1,3,1,1,0,1,1,1,1,1,3,0,1,1,1
2ezpdpzdy9,"2020-02-14 10:51:17",9xrw9wch,0,5,0,0,0,0,0,0,0,0,0,0,0,0,0,0,0,0,0
yp56x54rny,"2020-02-14 10:52:04",9xrw9wch,3,4,0,5,0,0,0,0,0,0,0,0,0,0,0,0,0,0,0
dts31dh95z,"2020-02-14 10:52:42",9xrw9wch,0,5,0,4,0,0,0,0,0,0,0,0,0,0,0,0,0,0,0
x75th1wxw9,"2020-02-14 11:17:54",9xrw9wch,0,5,0,0,0,0,0,0,0,0,0,0,0,0,0,0,0,0,0
c9fmdd9tpy,"2020-02-14 11:20:03",9xrw9wch,0,5,0,0,0,0,0,0,0,0,0,0,0,0,0,0,0,0,0
3apf6wh1h1,"2020-02-14 11:21:27",9xrw9wch,0,3,4,3,0,0,2,0,0,4,0,4,0,0,0,0,5,0,0
6tacp4yykh,"2020-02-14 11:41:18",9xrw9wch,0,0,0,5,0,5,0,0,0,0,0,0,0,0,0,0,4,0,0
6wprntzhh7,"2020-02-14 11:47:04",9xrw9wch,0,5,0,0,0,0,0,0,0,0,0,0,0,0,0,0,0,0,0
xy7tr4x363,"2020-02-14 11:48:01",9xrw9wch,0,4,0,3,0,0,3,3,0,0,0,5,0,0,0,0,5,0,0
77az7dczd7,"2020-02-14 11:54:54",9xrw9wch,0,5,0,0,0,0,0,0,0,0,0,0,0,0,0,0,0,0,0
d35cpdyh42,"2020-02-14 11:55:17",9xrw9wch,0,5,0,1,0,0,0,0,0,0,0,0,0,0,0,0,0,0,0
5cfz6r5fr5,"2020-02-14 12:43:51",9xrw9wch,0,5,0,0,0,0,0,0,0,0,0,0,0,0,0,0,0,0,0
h3y1n5asd1,"2020-02-14 13:03:46",9xrw9wch,0,0,0,5,0,0,0,0,0,0,0,0,0,0,0,0,0,0,0
rt2f1c7hcx,"2020-02-14 13:49:55",9xrw9wch,3,4,3,5,3,4,3,3,3,3,3,3,3,3,3,3,3,3,3
swt1613wf6,"2020-02-14 14:29:05",9xrw9wch,0,5,0,0,0,0,0,0,0,0,0,0,0,0,0,0,0,0,0
matexm6a1k,"2020-02-14 14:42:51",9xrw9wch,0,0,5,5,0,0,0,0,0,0,0,0,0,0,0,0,0,0,0
w1pc4y17xx,"2020-02-14 14:56:05",9xrw9wch,3,5,3,1,1,1,1,1,3,2,1,1,1,1,1,1,5,1,1
ex4zapawye,"2020-02-14 14:56:10",9xrw9wch,0,5,0,0,0,0,0,0,0,0,0,0,0,0,0,0,0,0,0
pcmw945aa9,"2020-02-14 15:10:18",9xrw9wch,0,5,0,0,0,0,0,0,0,0,0,0,0,0,0,0,0,0,0
prndmn7ytr,"2020-02-14 15:21:02",9xrw9wch,0,5,0,0,0,0,0,0,0,0,0,0,0,0,0,0,0,0,0
7t44ekfx25,"2020-02-14 15:23:56",9xrw9wch,0,5,0,0,0,0,0,0,0,0,0,0,0,0,0,0,0,0,0
mf3zz24ztp,"2020-02-14 15:28:51",9xrw9wch,0,0,0,5,0,0,0,0,0,0,0,0,0,0,0,0,0,0,0
4h9w35zfdk,"2020-02-14 15:32:37",9xrw9wch,0,5,0,0,0,0,0,0,0,0,0,0,0,0,0,0,0,0,0
1szn56rpce,"2020-02-14 15:33:24",9xrw9wch,0,5,0,0,0,0,0,0,0,0,0,0,0,0,0,0,0,0,0
1tk7ezy2e4,"2020-02-14 15:53:26",9xrw9wch,0,5,0,0,0,0,0,0,0,0,0,0,0,0,0,0,0,0,0
1tnmy7shcf,"2020-02-14 16:06:19",9xrw9wch,0,0,0,5,0,0,0,0,5,0,0,0,0,0,1,0,0,0,0
612mzy1fhz,"2020-02-14 16:33:36",9xrw9wch,0,0,0,5,0,0,0,0,0,0,0,0,0,0,0,0,0,0,0
hdmrdnpf69,"2020-02-14 16:43:11",9xrw9wch,2,5,1,5,1,2,3,0,0,4,0,3,0,0,0,0,0,0,0
92yna99t3e,"2020-02-14 16:58:28",9xrw9wch,0,5,2,3,2,1,2,0,1,2,2,2,2,3,2,0,1,1,2
hm1t2d451t,"2020-02-14 17:17:05",9xrw9wch,0,5,0,0,0,0,0,0,0,0,0,0,0,0,0,0,0,0,0
1fa7n5da91,"2020-02-14 17:48:40",9xrw9wch,2,3,2,3,3,0,5,0,0,2,0,5,0,0,0,0,5,0,0
xd96299har,"2020-02-14 18:04:38",9xrw9wch,0,5,0,3,0,0,0,0,0,3,0,0,0,1,0,0,0,0,2
th1mwdmmrf,"2020-02-14 18:04:50",9xrw9wch,0,5,0,0,0,1,0,0,0,0,0,0,0,0,0,0,0,0,0
etwp35sdp4,"2020-02-14 18:32:49",9xrw9wch,0,5,0,5,0,0,0,0,0,0,0,0,0,0,0,0,0,0,0
t691wn4s1p,"2020-02-14 18:36:41",9xrw9wch,0,5,0,5,0,0,0,0,0,5,0,0,0,0,0,0,5,0,0
a3m2rwtrsf,"2020-02-14 19:12:12",9xrw9wch,0,5,0,0,0,0,0,0,0,0,0,0,0,0,0,0,0,0,0
4zw9kmrkt6,"2020-02-14 19:20:39",9xrw9wch,0,5,0,0,0,0,0,0,0,0,0,0,0,0,0,0,0,0,0
6cxamzacaa,"2020-02-14 20:08:57",9xrw9wch,1,5,1,1,1,1,1,1,1,1,1,1,1,1,1,1,1,1,1
ryssh4xzhs,"2020-02-14 20:36:26",9xrw9wch,0,5,0,0,0,0,0,0,0,0,0,0,0,0,0,0,0,0,0
655dyyf55m,"2020-02-14 20:46:00",9xrw9wch,3,4,1,1,1,5,1,1,1,1,1,1,1,1,1,1,5,1,1
ntc31rsfzz,"2020-02-14 22:34:23",9xrw9wch,0,5,0,0,0,5,0,0,0,0,0,0,0,0,0,0,0,0,0
2nsfdtw1ep,"2020-02-14 23:05:13",9xrw9wch,0,5,0,0,0,0,0,0,0,0,0,0,0,0,0,0,0,0,0
f5xxwmexm4,"2020-02-14 23:20:07",9xrw9wch,0,5,0,4,0,3,0,0,0,0,0,1,0,0,0,0,0,0,0
r47ms2rywc,"2020-02-15 00:10:36",9xrw9wch,0,5,0,0,0,0,0,0,0,0,0,0,0,0,0,0,0,0,0
dc7f12h99s,"2020-02-15 05:40:30",9xrw9wch,2,5,3,4,0,2,2,1,0,2,0,2,0,0,0,0,0,0,0
6t61ehp19y,"2020-02-15 05:45:30",9xrw9wch,0,5,0,0,0,0,0,0,0,0,0,0,0,0,0,0,0,0,0
196m24mf23,"2020-02-15 05:55:40",9xrw9wch,0,5,0,0,0,0,0,0,0,0,0,0,0,0,0,0,0,0,0
hw3a315wh1,"2020-02-15 06:15:09",9xrw9wch,0,0,0,0,0,0,0,0,0,0,0,5,0,0,0,0,0,0,0
5n4sytk66y,"2020-02-15 06:56:17",9xrw9wch,0,5,0,0,0,0,0,0,0,0,0,0,0,0,0,0,0,0,0
fedkt7dpn5,"2020-02-15 06:56:59",9xrw9wch,0,5,0,0,0,0,0,0,0,0,0,0,0,0,0,0,0,0,0
a6meztw9ds,"2020-02-15 07:00:24",9xrw9wch,0,0,0,0,0,5,0,0,0,0,1,0,0,0,0,0,0,0,0
hhn5xayzxz,"2020-02-15 08:34:16",9xrw9wch,0,5,0,0,0,0,0,0,0,0,0,0,0,0,0,0,0,0,0
rwmtch547a,"2020-02-15 09:25:04",9xrw9wch,0,5,0,0,0,0,0,0,0,0,0,0,0,0,0,0,0,0,0
yy6y5rzhx4,"2020-02-15 10:24:23",9xrw9wch,0,5,0,0,0,0,0,0,0,0,0,0,0,0,0,0,0,0,0
a221phpfwn,"2020-02-15 10:52:50",9xrw9wch,4,5,0,0,0,0,1,0,2,0,0,0,0,0,0,0,3,0,0
yzt1pkzstt,"2020-02-15 11:56:56",9xrw9wch,0,5,0,0,0,0,0,0,0,0,0,0,0,0,0,0,0,0,0
6ywnt6az6c,"2020-02-15 13:53:38",9xrw9wch,0,0,0,5,0,0,0,0,0,0,0,0,0,0,0,0,0,0,0
yk6ee74724,"2020-02-15 13:57:33",9xrw9wch,1,5,1,1,1,4,1,1,1,1,1,1,1,1,1,1,1,1,1
c7rzcthhrh,"2020-02-15 14:56:48",9xrw9wch,1,5,0,5,0,0,3,3,5,5,0,0,0,0,0,0,0,0,0
p4rnmnf9zr,"2020-02-15 15:15:23",9xrw9wch,0,5,0,0,0,0,0,0,0,0,0,0,0,0,0,0,0,0,0
fnyx2y7nhz,"2020-02-15 15:25:50",9xrw9wch,0,5,0,0,0,0,0,0,0,0,0,0,0,0,0,0,0,0,0
cx3yz62h72,"2020-02-15 16:20:09",9xrw9wch,3,0,4,4,4,0,4,3,3,4,4,4,4,4,4,4,5,4,4
rfza1xzncr,"2020-02-15 16:28:42",9xrw9wch,0,5,0,0,0,0,0,0,0,0,0,0,0,0,0,0,0,0,0
eh4wfdr29z,"2020-02-15 16:44:05",9xrw9wch,1,0,3,3,3,0,4,1,0,3,0,1,0,2,0,0,5,1,0
s4ns3cerw9,"2020-02-15 17:21:36",9xrw9wch,0,5,0,0,0,0,0,0,0,0,0,0,0,0,0,0,0,0,0
1s675cxche,"2020-02-15 17:25:08",9xrw9wch,0,5,0,0,0,0,0,0,0,0,0,0,0,0,0,0,0,0,0
axtyy9aap7,"2020-02-15 18:15:44",9xrw9wch,0,5,0,0,0,0,0,0,0,0,0,0,0,0,0,0,0,0,0
4hpz1pn4tf,"2020-02-15 18:16:34",9xrw9wch,4,5,0,0,0,4,0,0,0,0,0,0,0,0,0,0,0,0,0
2yzw7ak1ea,"2020-02-15 18:16:39",9xrw9wch,0,5,0,0,0,0,0,0,0,0,0,0,0,0,0,0,0,0,0
nmt9e4daz2,"2020-02-15 18:19:37",9xrw9wch,0,0,0,5,3,5,0,5,3,2,0,0,0,0,0,0,0,0,0
he2axykhe5,"2020-02-15 18:19:47",9xrw9wch,0,5,0,5,0,0,0,0,0,0,0,0,0,0,0,0,4,0,0
3ks5ym9ey3,"2020-02-15 18:23:46",9xrw9wch,0,5,0,0,0,0,0,0,0,0,0,0,0,0,0,0,0,0,0
wtscx5dfdk,"2020-02-15 18:28:10",9xrw9wch,0,0,0,0,0,5,0,0,0,0,0,0,0,0,0,0,0,0,0
2ss2wdtwkz,"2020-02-15 18:30:01",9xrw9wch,0,5,0,0,0,5,0,0,0,0,0,0,0,0,0,0,0,0,0
xns677rwpt,"2020-02-15 18:30:47",9xrw9wch,0,5,0,0,0,0,0,0,0,0,0,0,0,0,0,0,0,0,0
n3awxse9ws,"2020-02-15 18:43:31",9xrw9wch,0,5,0,0,0,0,0,0,0,0,0,0,0,0,0,0,0,0,0
6tz9hez3rm,"2020-02-15 18:59:27",9xrw9wch,1,4,3,5,5,5,5,1,4,4,3,0,0,0,0,0,5,1,0
s4hsdyy4z9,"2020-02-15 19:00:59",9xrw9wch,2,5,0,5,0,4,4,1,3,0,0,0,0,0,0,0,5,0,0
2h9p7ded9x,"2020-02-15 19:02:49",9xrw9wch,0,0,1,1,0,1,1,0,5,3,2,0,1,0,0,1,4,1,0
eya4ek7hzr,"2020-02-15 19:07:43",9xrw9wch,0,5,0,0,0,0,0,0,0,0,0,0,0,0,0,0,0,0,0
x1pd6zm7xk,"2020-02-15 19:12:49",9xrw9wch,0,5,0,0,0,5,0,1,0,0,4,0,0,0,0,0,4,0,0
afphp3w2nd,"2020-02-15 19:40:22",9xrw9wch,0,5,0,0,0,0,0,0,0,0,0,0,0,0,0,0,0,0,0
wwxd4n92rh,"2020-02-15 19:41:09",9xrw9wch,5,0,0,0,0,0,0,0,0,0,0,0,0,0,0,0,0,0,0
df7pc14rf5,"2020-02-15 20:57:58",9xrw9wch,0,0,0,0,0,0,1,0,0,0,0,0,0,0,0,0,5,0,0
45thcw2c95,"2020-02-15 22:01:08",9xrw9wch,0,0,0,0,0,0,0,0,0,0,0,0,0,0,0,0,5,0,0
fs5xaywtzk,"2020-02-15 23:14:45",9xrw9wch,1,5,1,1,0,3,2,2,0,2,0,4,0,0,0,0,0,0,0
d5nzsndyf3,"2020-02-15 23:29:07",9xrw9wch,0,5,0,0,0,0,0,0,0,0,0,0,0,0,0,0,0,0,0
sc4naxxce1,"2020-02-16 01:07:31",9xrw9wch,0,5,1,5,1,3,1,0,3,1,1,1,1,1,1,1,5,1,1
9hfam4ht5a,"2020-02-16 04:36:08",9xrw9wch,0,5,0,0,0,0,0,0,0,0,0,0,0,0,0,0,0,0,0
ndsnnd6dca,"2020-02-16 04:58:26",9xrw9wch,0,5,0,0,0,0,0,0,0,0,0,0,0,0,0,0,0,0,0
6yrh76w2s1,"2020-02-16 06:36:00",9xrw9wch,0,5,0,0,0,0,0,0,0,0,0,0,0,0,0,0,0,0,0
5ekpy5nepy,"2020-02-16 06:46:31",9xrw9wch,0,5,0,0,0,0,0,0,0,0,0,0,0,0,0,0,0,0,0
d1r6cwmfhc,"2020-02-16 06:47:44",9xrw9wch,0,5,0,0,0,4,0,0,0,0,0,0,0,0,0,0,0,0,0
n56rhdy4zh,"2020-02-16 07:25:18",9xrw9wch,0,5,0,0,0,0,0,0,0,0,0,0,0,0,0,0,0,0,0
2k3w6x2zrn,"2020-02-16 08:19:54",9xrw9wch,2,5,2,5,2,2,2,2,2,2,2,2,2,2,2,2,2,2,2
x3cpp1ns9n,"2020-02-16 09:26:13",9xrw9wch,0,5,0,0,0,0,0,0,0,0,0,0,0,0,0,0,0,0,0
7dt94k9k2p,"2020-02-16 09:54:27",9xrw9wch,0,5,0,0,0,0,0,0,0,0,0,0,0,0,0,0,0,0,0
xpxxtwaxk5,"2020-02-16 10:40:55",9xrw9wch,0,3,0,5,0,0,0,0,0,0,0,0,0,0,0,0,0,0,0
6zr1amx47n,"2020-02-16 11:37:14",9xrw9wch,1,5,3,3,3,4,3,3,3,3,3,3,3,3,3,3,5,3,3
9pk6wz3636,"2020-02-16 11:39:28",9xrw9wch,3,0,0,0,0,0,3,0,0,0,0,4,0,2,0,0,4,0,0
dy4r4yhmh1,"2020-02-16 12:12:51",9xrw9wch,0,5,0,0,0,0,0,0,0,0,0,0,0,0,0,0,0,0,0
zprrnm41zp,"2020-02-16 17:07:42",9xrw9wch,0,3,0,4,0,3,0,0,3,0,0,0,0,0,0,0,5,0,0
nd41k3hy5n,"2020-02-16 17:54:52",9xrw9wch,1,4,0,5,0,2,0,3,0,0,0,0,0,0,0,0,0,0,0
m1s69szz2k,"2020-02-16 18:23:10",9xrw9wch,0,5,0,0,0,2,0,0,0,0,0,0,0,0,0,0,0,0,0
nhp3a5w6te,"2020-02-16 18:36:09",9xrw9wch,0,5,0,0,0,0,0,0,0,0,0,0,0,0,0,0,0,0,0
sk4fwpwrsh,"2020-02-16 18:46:54",9xrw9wch,0,5,0,0,0,0,0,0,0,0,0,0,0,0,0,0,0,0,5
ch21rhpr3t,"2020-02-16 18:52:57",9xrw9wch,0,5,2,0,0,0,0,0,0,0,0,0,0,0,0,0,0,0,0
ke7r1mhz2f,"2020-02-16 18:59:56",9xrw9wch,0,5,0,0,0,0,0,0,0,0,0,0,0,0,0,0,0,0,0
4e76amyz52,"2020-02-16 19:03:01",9xrw9wch,0,5,0,0,0,0,0,0,0,0,0,0,0,0,0,0,0,0,0
mszadpp6mm,"2020-02-16 19:17:57",9xrw9wch,0,5,0,0,0,0,0,0,0,0,0,0,0,0,0,0,5,0,0
9xcnm47n1f,"2020-02-16 20:37:23",9xrw9wch,1,3,3,4,0,3,0,2,0,3,0,4,0,2,0,2,4,0,0
f5hs99ryed,"2020-02-16 21:00:42",9xrw9wch,0,5,0,0,0,0,0,0,0,0,0,0,0,0,0,0,0,0,0
7pz34nsh31,"2020-02-17 06:03:13",9xrw9wch,0,0,5,0,0,0,0,0,0,0,0,0,0,0,0,0,0,0,0
3434699hea,"2020-02-17 07:12:33",9xrw9wch,0,5,0,0,0,0,0,0,0,0,0,0,0,0,0,0,0,0,0
yrpwwt1nmt,"2020-02-17 07:51:30",9xrw9wch,0,5,0,0,0,0,0,0,0,0,0,0,0,0,0,0,0,0,0
13ezwz4mpe,"2020-02-17 08:50:09",9xrw9wch,0,5,0,0,0,0,0,0,0,0,0,0,0,0,0,0,0,0,0
tack5dmzx4,"2020-02-17 09:56:39",9xrw9wch,0,5,0,0,0,0,0,0,0,0,0,0,0,0,0,0,0,0,0
1kyh1y1fy5,"2020-02-17 18:46:11",9xrw9wch,0,5,0,0,0,0,0,0,0,0,0,0,0,0,0,0,0,0,0
we1kzxypy2,"2020-02-17 20:40:51",9xrw9wch,1,0,5,2,0,0,2,0,0,0,0,0,0,0,0,0,5,0,0
s5t9ep26y4,"2020-02-17 20:45:51",9xrw9wch,2,0,0,4,0,3,0,3,0,0,0,0,0,0,0,0,5,0,0
ysmx9n34xr,"2020-02-17 20:49:07",9xrw9wch,4,2,3,5,3,0,0,0,5,3,0,0,0,3,0,0,5,0,0
et9w4mspeh,"2020-02-17 20:51:46",9xrw9wch,0,0,0,0,0,0,0,0,0,0,0,0,0,0,0,0,5,0,0
tdekaameam,"2020-02-17 20:52:48",9xrw9wch,0,0,0,0,0,0,0,0,0,0,0,0,0,0,0,0,5,0,0
cx2sxdzesf,"2020-02-17 21:05:39",9xrw9wch,1,3,0,3,0,2,3,2,2,3,0,0,0,0,2,0,5,0,0
txacamd9yk,"2020-02-17 21:22:53",9xrw9wch,0,0,0,0,0,0,0,0,0,0,0,0,0,0,0,0,5,0,0
mykwf4e6wa,"2020-02-17 21:31:08",9xrw9wch,0,2,0,1,0,0,0,0,0,1,0,2,0,0,0,0,5,0,0
kz6m6ehtcc,"2020-02-17 21:48:57",9xrw9wch,2,4,4,0,0,0,0,3,0,0,0,3,0,0,0,0,5,0,0
5fce6peae6,"2020-02-17 21:49:17",9xrw9wch,5,0,4,0,0,0,0,0,0,0,0,3,0,0,0,0,0,0,0
nx29nwt2ts,"2020-02-17 22:11:08",9xrw9wch,0,3,0,0,0,0,3,0,0,0,0,0,0,0,0,0,4,0,0
fdd2s9r4wm,"2020-02-17 22:36:15",9xrw9wch,3,3,2,3,2,0,5,3,1,2,1,3,2,2,0,0,2,0,4
knh7ww6dss,"2020-02-17 23:52:09",9xrw9wch,0,4,0,0,0,3,0,0,0,0,0,0,0,0,0,0,4,0,0
2yrhwys9kp,"2020-02-18 02:04:44",9xrw9wch,1,1,0,1,0,0,0,0,0,1,0,1,0,0,0,0,5,0,0
cp1mwap4pe,"2020-02-18 06:01:00",9xrw9wch,4,3,0,0,0,0,3,0,0,2,0,3,0,0,0,0,0,0,0
ew6wzcdk5w,"2020-02-18 08:48:35",9xrw9wch,0,0,0,3,0,0,0,0,0,0,0,3,0,0,0,0,5,0,0
h6sxepzspp,"2020-02-18 10:32:56",9xrw9wch,0,5,0,0,0,0,0,0,0,0,0,5,0,0,0,0,0,0,0
we7xxnscze,"2020-02-18 15:03:49",9xrw9wch,0,0,0,0,0,0,0,0,0,0,0,5,0,0,0,0,0,0,0
6zrt75hmkm,"2020-02-18 15:10:04",9xrw9wch,0,5,0,0,0,0,0,0,0,0,0,0,0,0,0,0,0,0,0
a2k32ph6hn,"2020-02-18 16:50:52",9xrw9wch,0,0,0,0,0,0,0,0,0,0,0,0,0,0,0,0,5,0,0
227zxn9kcx,"2020-02-18 18:36:14",9xrw9wch,0,5,0,0,0,0,0,0,0,0,0,0,0,0,0,0,0,0,0
1p65way7ew,"2020-02-18 18:49:47",9xrw9wch,2,5,0,0,0,4,0,0,0,0,0,0,0,0,0,0,0,0,0
d11ms3zmah,"2020-02-18 19:00:35",9xrw9wch,0,5,0,0,0,0,0,0,0,0,0,0,0,0,0,0,0,0,0
zcewwend4d,"2020-02-18 19:04:00",9xrw9wch,0,5,0,0,0,0,0,0,0,0,0,0,0,0,0,0,0,0,0
3n5e9psm17,"2020-02-18 19:20:25",9xrw9wch,0,5,0,0,0,5,0,0,0,0,0,0,0,0,0,0,0,0,0
s99xyce5ch,"2020-02-18 20:32:19",9xrw9wch,0,4,0,0,0,0,0,3,0,0,0,0,0,0,0,0,5,0,0
2xkf7tkx3h,"2020-02-19 06:21:47",9xrw9wch,0,5,0,3,2,3,2,1,2,2,1,1,0,1,2,0,3,0,0
h3t7f6k14w,"2020-02-19 18:26:11",9xrw9wch,0,5,0,0,0,0,0,0,0,0,0,0,0,0,0,0,0,0,0
73ca15x2pw,"2020-02-20 10:57:42",9xrw9wch,2,5,2,2,2,5,2,1,2,2,2,2,2,2,2,2,4,2,2
k37ah4sp6c,"2020-02-23 08:46:24",9xrw9wch,0,5,0,0,0,0,0,0,0,0,0,0,0,0,0,0,0,0,0
y4ad96sdfc,"2020-02-25 12:51:44",9xrw9wch,0,5,0,0,0,0,0,0,0,0,0,0,0,0,0,0,0,0,0
